Cliente,NumeroContratto,DataInizio,DataFine,Durata,DescrizioneProdotto,TotRata,Stato
,,07/01/2024,,,N.129 LICENZE YEASTAR P-CLOUD + CENTRALE YEASTAR CLOUD,868.5,
,,,,,è un nostro competitor che ci passa lavori su telefonia e cablaggio,,chiede di avere fattura proforma via mail
,14208183,31/12/2024,01/01/2030,60 M,EPSON AM-C4000 + N.2 NOTEBOOK HP 250 G10 + N.3 SAMSUNG GALAXY S24 ULTRA 256GB + IPHONE 16 PRO 256GB,380,
,,07/01/2023,30/06/2028,60 M,XEROX 7225 - EX STIA METALWORKS,*,
,,,,***,ASSISTENZA ALL INCUSIVE,46,
,,21/02/2024,03/01/2029,60 M,STAMPANTE ZEBRA +ACCESSORI,40,
,,10/07/2024,10/01/2029,60 M,"N.2 DELL PC + N.2 MONITOR 21,5"" + N.2 OFFICE",50,
,,01/01/2023,01/01/2028,60 MESI,XEROX C7125,105,
,,11/01/2023,31/10/2028,60 M,EPSON C579 + STAND,45.9,
,,01/01/2024,,,CREAZIONE DOMINIO + MAIL ( VENDITE@ADAUTOMOBILI.COM),60 ANNO,
,,08/01/2019,,12 MESI RINNOVO AUTOMATICO,GESTIONE DOMINIO + N.9 CASELLE E-MAIL,480 annui,
,A1C07477,23/06/2020,07/01/2025,60 M,HP ZBOOK 17 G6 MOBILE WORKSTATION - 26/03/2025 ok fabio rimane al cliente,50,
,,26/07/2021,10/01/2026,60 M,CENTRALINO YESTAR S20 + N.2 SCHEDE FXS + N.2 SCHEDE FXO + N.2 TELEFONI T46U + N.8 TELEFONI T40P + ALIMENTATORI + BOX GSM (LINEE SMARTEL),70,
,,06/01/2022,,12 M RINNOVO ANNUALE,UPGRADE 50GB CASELLA MAIL commerciale@adproduzione.it,80 ANNO,
,,27/10/2023,01/01/2029,60 M,HP SERVER PROLIANT ML350 G10  (N.3 HD 1.9TB SAS +N.3 RAM 16GB + DOPPIO ALIMENTATORE + ESTENSIONE HP 5 ANNI ON SITE) + BACK UP 2TB+NAS ---- PROVENIENTE VECCHIO CONTRATTO NON IN DDT : PHASER 6600 USATA + EPSON C579 USATA + ENTERPRICE C20750,430,
,A1F37596,24/07/2024,10/01/2029,60 M,N.5 HP PC 400 G9 (I5 -512 - 8 -WIFI) +N.4 WORKSTATION Z1 G9 (I9 - 1TB - 32GB - SCHEDA GRAFICA 12GB) + ESTENSIONE GARANZIA,225,
,A1F89316,23/04/2025,07/01/2030,60 M,HP ZBOOK POWER 16 G11,55,
,,06/01/2025,,RINNOVO AUTOMATICO,CREAZIONE E GESTIONE CASELLA PEC deluca_alfredo@pec.it,60 ANNO,
,,,,,CISCO MERAKI + LICENZA,,
,,,,,N.20 LICENZA ANTIVIRUS PANDA,,
,,,,,N.6 SSD 512GB,,
,,,,,WEBCAM + MICROFONO,,
,,15/05/2023,06/01/2028,60 M,CENTRALINO S20 (RIGENERATO) + 10 TEL T53 + 1 TEL T54 + 3 CORDLESS + MODULO ESPANSIONE + SWITCH 24 PORTE POE,69,
,14221554,18/02/2025,03/01/2030,60 M,EPSON C878 + HP PROBBOK 450 G10 + HP ZETABOOK POWER 16 G11 + N.2 OFFICE H&B 24 + N.2 ANTIVIRUS + REALIZZAZIONE GRAFICA VOSTRO SITO,190,
,,01/01/2020,,,CONTRATTO ASSISTENZA TECNICA SI FATTURA ORA INTERVENTO € 45.00 ORA,,
,,01/11/2021,04/01/2026,60 M,CENTRALINO + N.6 TELEFONI,50,
,,07/01/2024,30/06/2029,60 M,EPSON C579 + EPSON M5799 USATE,80,
,A1F60694,15/11/2024,01/01/2030,60 M,HP PROBOOK X360 + GARANZIA + IPHONE 16 PRO 256GB + IPHONE PRO MAX 256GB + (ASUS MINI PC +APPLE WATCH ULTRA vecchio contratto),130,
,,18/11/2022,01/01/2026,36 M,EPSON C579,55,
,14200583,12/01/2024,12/01/2029,60 M,EPSON ENTERPRICE AM-C4000 4 CASSETTI,220,
,A1E55035,21/07/2023,10/01/2028,60 M,CENTRALINO YEASTAR S20 + 10 TEL. 1 TEL.POST OPERATORE,60,
,A1E53862,26/07/2023,10/01/2028,60 M,"HP SERVER PROLIANT ML 350 G10 (RAM 64GB - N.2 HARD DISK 2TB + 2 HARD DISK 300 GB + N.4 HARD DISK 1,2 TB + DOPPIO ALIMENTATORE + N.2 WINDOWS SEWRVER STANDAR 2022 + 15 CALL + VMWARE VSPHERE 5Y + ESTENSIONE 60 MESI ) + GRUPPO CONTINUITA 2200 W + VEEAM BACK UP + NAS + 2 DISCHI 3 TB + BACK UP IN CLOUD 1TB + SWITCH 48 PORTE + FIREWALL UBIQUITY + N.9 HP PRO MINI 400 G9  ( DI CUI 5 SSD 512GB) + N.9 MONITOR 27"" + N.9 OFFICE 365 PRIMO ANNO INCLUSO",620,
,A1E53862,26/07/2023,10/01/2028,60 M,"HP SERVER PROLIANT ML 350 G10 (RAM 64GB - N.2 HARD DISK 2TB + 2 HARD DISK 300 GB + N.4 HARD DISK 1,2 TB + DOPPIO ALIMENTATORE + N.2 WINDOWS SEWRVER STANDAR 2022 + 15 CALL + VMWARE VSPHERE 5Y + ESTENSIONE 60 MESI ) + GRUPPO CONTINUITA 2200 W + VEEAM BACK UP + NAS + 2 DISCHI 3 TB + BACK UP IN CLOUD 1TB + SWITCH 48 PORTE + FIREWALL UBIQUITY + N.9 HP PRO MINI 400 G9  ( DI CUI 5 SSD 512GB) + N.9 MONITOR 27"" + N.9 OFFICE 365 PRIMO ANNO INCLUSO",620,
,,,,,armadio rack,,vendita
,,09/01/2024,,12 mesi rinnovo annuale - primo anno gratuito,N.2 MICRISOFT 365 BUSINESS BASIC + N.8 MICROSOFT BUSINESS STANDARD Fabio 07/11/2023,1080,
,,12/01/2023,30/11/2028,60 M RINNOVO AUTOMATICO,BACK UP INCLOUD 4TB,50,
,,,,,LINEA SMARTELL,,
,,,,,armadio rack,,vendita
,,19/03/2024,04/01/2029,60 M,"SURFACE PRO 9 + COVER + TASTIERA + PENNINO + HP PC PRO TOWER 400 G9 + 2 MONITOR 27"" + 2 OFFICE + 2 PANDA",105,
,,12/01/2020,,12 M RINNOVO AUTOMATICO,N.16 UPGRADE 10 GB X VOSTRE CASELLE EMAIL,240,
,,06/01/2016,,12 M rinnovo automatico,10 gb aggiuntivi di spazio web,15,
,,12/01/2016,,12 M RINNOVO AUTOMATICO,CREAZIONE 3 CASELLE MAIL,150,
,,06/01/2012,,12 M RINNOVO AUTOMATICO,CANONE PER HOSTING DOMINIO,100,
,,05/01/2022,05/01/2027,60 M,HP SERVER ML350 G10 ( +3 HARD DISK 1.2TB + SECONDO ALIMENTATORE + WINDOWS SERVER STANDARD 2019 + N.15 CALL) + NAS SYNOLOGY DS1621+COMPLETO DI 6HARD DISK 2TB + GRUPPO CONTINUITA' 1500 VA _ SEDE VIA STURZO _ ML 350 G9 USATO VECCHIO CONTRATTO + NAS SINOLOGY DS220+ GRUPPO CONTINUITA' 650 DA _ VIA LEONCAVALLO_  + RIFARCIMENTO GRAFICO E RIPOSIZIONAMENTO SITO + ASSISTENZA SISTEMISTICA SERVER + NAS + GESTIONE BACK UP X TUTTA LA DURATA DEL NOLEGGIO,550,
,,10/01/2024,,60 M,AUMENTO SPAZIO BACK UP INCLOUD - SPAZIO TOTALE 3TB,20,
,184,09/01/2025,31/08/2030,60 M,"(EPSON C878 + CENTRALINO YEASTAR S20 + N.5 TEL YEALINK + QNAP NAS - materiale usato) + ( PC HP 400 G9 + MONITOR 27"" + OFFICE + ANTIVIRUS + CORDLESS + SWITCH 16 PORTE + N.2 ACCESS POINT materiale nuovo)",184,
,,09/01/2025,,,CONNETTIVITA',,
,,26/07/2021,10/01/2026,60 M,EPSON C878 + N.2 EPSON C579,180,
,,25/01/2024,04/01/2029,60 M,IPHONE 15 PRO 512 GB + APPLE WATCH ULTRA,55,
,,15/02/2024,04/01/2029,60 M,IPHONE 15 128GB,22,
,,28/02/2024,04/01/2029,60 M,CENTRALINO YEASTAR S20 + 1 TELEFONO POST OPERATORE + 2 CORDLESS + LICENZA LINKUS PER TUTTA LA DURATA DEL NOLEGGIO,49,
,,17/10/2022,01/01/2028,60 M,EPSON C878,90,
,,23/04/2024,05/01/2029,60 M,EPSON C579 + N.3 PC HP 400 G9 + HP SERVER TOWER ML 110 + FIREWALL UBIQUITY + NAS SYNOLOGY 2 DISCHI 2TB + N.4 ANTIVIRUS,,
,,01/10/2024,04/01/2028,48 M,EPSON C878,75,
,,07/01/2021,,VENDITA,EPSON SCANNER EXPRESSION 12000 XL + ASSISTENZA ON SITE EPSON,VENDITA,
,,19/04/2022,31/03/2027,60 M,HP PERSONAL COMPUTER PRO ONE 440 G6 AIO + OFFICE H&B 2021,30,
,127-43453,07/01/2025,07/01/2030,60 M,HP PROONE 440 G9 AIO + OFFICE STANDARD 2024 + ESTENSIONE,40,
,,07/01/2025,,**,CONNETIVITA',*,
,A1G05817,17/07/2025,08/01/2030,60 M ,CENTRALINO P 520 + 3 TELEFONI + 3 CORDLESS + LINKUS X 5 ANNI,59,
,,,,,AS400,VENDITA,vendita
,,,,,AS400,VENDITA,vendita
,A1F60221,22/11/2024,12/01/2030,72 M,HP PROBOOK 460 G11 + IPHONE 16 PRO 128GB + (OFFICE + ANTIVIRUS + SAMSUNG S23 + EPSON  C579 VECCHIO CONTRATTO ),150,
,,17/07/2025,08/01/2030,60 M,"APPLE IMAC 24"" (RAM 16GB + SSD 256 + ARGENTO) + IPHONE 16 PRO 256GB",55,
,A1F60392,27/11/2024,12/01/2029,60 M,HP PRO BOOK 460 G11 + (OFFICE + ANTIVIRUS + IPHONE 14 PRO + SAMSUNG S23 USATI VECCHIO CONTRATTO),140,
,,06/09/2023,07/01/2028,60 M,CENTRALINO S20 + SCHEDA + N.5 TEL T43U + TEL T46U + N.3 CORDLESS C55O A,80,
,,06/01/2024,06/01/2029,60 M ,HP PROBOOK 450 G10 + OFFICE + ESTENSIONE + SAMSUNG S24 (IN DDT MA IN LORO POSSESSO IPHONE + APPLE CARE),150,
,,02/08/2024,03/01/2029,60 M,IPHONE 15 PRO 256GB+ REXSAFE + IPAD WIFI 64GB + REXSAFE,49,
,14209344,18/12/2024,01/01/2030,60 M,GALAXY S24 ULTRA 256GB + GALAXY TAB S10 256GB + IPAD PRO 11 256GB,100,
,,,,,I PAD VECCHIO NOLEGGIO,VENDITA,vendita
,,29/07/2021,10/01/2026,60 M,HP ELITEBOOK 850 G7 + OFFICE,25,
,,27/10/2023,01/01/2029,60 M,PC HP + MONITOR + SCHEDA WIFI + OFFICE + IPHONE 14 256GB BLU + ESTENSIONE,55,
,,,,,I PAD VECCHIO NOLEGGIO,VENDITA,vendita
,,15/10/2024,03/01/2027,60 M,XEROX C7125 SOSTITUISCE LA XEROX C7025 RITIRATA,95,
,,17/07/2023,10/01/2028,60 M,APPLE MAC STUDIO (32GB SSD 1TB),75,
,A1F45655,20/09/2024,10/01/2029,60 M,"HP WORKSTATION Z1 G9 + HP MONITOR 27"" + WIF",70,
,,11/01/2024,31/03/2029,60 M,CENTRALINO INCLOUD 50% CON RES + N.9 TELEFONI SCRIVANIA + N.2 TELEFONI POST OPERATORE + SWITCH POE,185,
,,11/01/2024,31/03/2029,60 M,"MAC BOOK PRO TBAR 16"" + MAC BOOK AIR 13"" + N.2 OFFICE",80,
,14192936,23/10/2024,11/01/2029,60 M,EPSON C878 4 CASSETTI,75,
,,24/01/2023,04/01/2029,72 M ,XEROX C405 + DISTRUGGIDOCUMENTI,339.57,
,,30/03/2022,04/01/2027,60 M,N.3 IPHONE 13 PRO 128 GB,75,
,,09/07/2022,10/01/2028,72 M,KIT ELIMINACODE,85,
,,09/01/2022,31/08/2027,60 M,"APPLE MAC BOOK PRO 14"" + ESTENSIONE",54,
,,09/01/2022,31/08/2027,60 M,"MAC BOOK AIR 16"" (RAM 64GB SSD 1TB)",80,
,,30/10/2023,11/01/2028,60 M,IPHONE 15 PRO 128 GB TITANIO BLU,30,
,,11/01/2022,11/01/2027,60 M,IPHONE 14 PRO MAX 128GB,30,
,,08/01/2023,08/01/2028,60 M,XEROX C7125 + FAX + HP NOTEBOOK 250 G8 + OFFICE ( SI LASCIA PROBOOK 450 G8 VECCHIO CONTRATTO),470,
,,22/06/2023,07/01/2028,60 M,EPSON C878,105,
,,01/01/2020,,12 M CON RINNOVO AUTOMATICO,CONTRATTO DI MANUTENZIONE TELEFONIA,150 ANNUALE,
,,22/07/2022,10/01/2027,60 M,CENTRALINO S20 + TELEFONO CORDLESS + N.5 TELEFONI FISSI,49,
,,,,*,WAP LTE KIT,VENDITA,
,,,,*,MONTE ORE N.66,2700,
,,09/01/2020,,*,TOTEM TERMOSCANNER,,
,A1C37817,18/11/2020,01/01/2026,60 M,EPSON ENTERPRICE C20600D4TW,330,
,,,,*,PROGETTO SOFTWARE DOCUMENTALE,VENDITA,vendita
,A1D01526,15/10/2021,01/01/2027,60 M,IPHONE 12 128GB + APPLE CARE (aperto ma ma già sostituito),20,
,A1D97079,27/10/2022,01/01/2028,60 M,(IPHONE 14 PRO 512GB estinzione parziale ma non effettiva per finanziaria) + APPLE CARE + IPHONE 14 256GB + iphone 14 pro 128gb SPOSTATO da noleggio interno 2023,55,
,A1F53986,11/07/2024,01/01/2030,60 M,IPHONE 16PRO 512GB TITANIO SABBIA,35,
,,10/01/2024,30/09/2029,60 M,IPHONE 15 256 GB NERO + APPLE CARE,25,
,A1F67325,17/12/2024,01/01/2030,60 M,CENTRALINO + SWITCH POE + 21 TELEFONI + N.2 CORDLESS + N.2 RAGNI + c878 (beni lasciati da vecchio contratto) + EPSON C879,320,
,A1F67784,17/12/2024,01/01/2030,60 M,N.8 IPHONE 15 256GB + REC SAFE (7 NERI + 1 VERDE) + SAMSUNG GALAXY S24 ULTRA 256GB NERO+ ESTENSIONE,180,
,A1G14702,09/01/2025,09/01/2030,60 M,EPSON AM-C6000 4 CASSETTI,330,
,,29/09/2021,10/01/2026,60 M,HP NOTEBOOK 250 G8 + OFFICE,30,
,,01/01/2023,01/01/2028,60 M,N.2 HP NOTEBOOK 290 G9 COMPLETI DI OFFICE H&B 2021,45,
,,06/01/2020,,12 M CON TACITO RINNOVO ,N. 3 CASELLE MAIL OFFICE 365 (CONTRATTO ANNUALE CON TACITO RINNOVO),216 ANNO,
,,,,,PALMARE,,
,14062940,12/01/2022,12/01/2027,60 M,"HP SERVER ML350G10 (RAM 32GB + ALIMENTATORE + N.3 HD 600GB ) + MICROSOFT WINSERVER STANDARD 2022 + 6 CALL + N.1 HP WORKSTATION Z2 G9 + N.1 OFFICE H&B 2021 + N.4 HP PC 400 G9 + N.4 MONITOR 21,5"" + N.2 MONITOR 24"" + N.2 MONITOR 27"" + N.1 UPS 1600 VA + N.8 TELEFONI FISSI + N.7 CORDLESS + TV SAMSUNG 65"" + N.2 ROUTER ASUS ( GT-AX6000 - GT-AXE16000 )  (in finanziaria 1 workstation in più + 1 pc in più ritirati 08/04/2024)",972.52,
,A1D85227,20/07/2022,10/01/2027,60 M,N.2 HP PROBOOK 450 G8 + OFFICE + ANTIVIRUS + PISTOLA BARCODE,75,
,,07/01/2023,07/01/2028,60 M,EPSON ENTERPRISE am-c6000 + 2 cassetti + (RITIRATA 01/2024 A FRONTE NUOVO NOLEGGIO XEROX - OK FABIO CONTRATTO RESTA APERTO)n.2 switch poe +( NOTEBOOK + OFFICE + NAS 2 dischi 2 tb  + CENTRALINO 7 TELEFONI + 6 CORDLESS + SAMSUNG TABLET + 7225 (NON CONSEGNATA)) materiale vecchio contratto,840,
,14139922 - A1E95060,,,60 M,"XEROX C8145 + HP WORKSTATION Z2 TOWER G9  + OFFICE + SAMSUNG TABLET + TV SAMSUNG 43"" + LOGITECH SOUNBAR + INTERFONO CON MICROFONO + SAMSUNG GALAXY S24 ULTRA 1TB + N.2 XIAOMI 13T PRO +( XEROX C8035 + HP WORKSTATION ZBOOK 16 G10 + SAMSUNG GALAXY S23 ULTRA 1TB + SAMSUNG TV 32"" IN DDT MA NON CONSEGNATI)",1713.88,
,14172993,07/11/2024,08/01/2029,60 M,FIREWALL UBIQUITY + N.3 REMARKABLE + CUSTODIA + PENNINO,150,
,,08/01/2024,,,MIGRAZIONE N.8 MAIL SU MICROSOFT 365,480,
,A1F41141,09/04/2024,10/01/2029,60 M,MOBILI PER UFFICIO,695.53,
,A1F62428,29/11/2024,01/01/2030,60 M,MOBILI PER UFFICIO ( N.1 MOBILE ZONA PIANO TERRA - N.2 TAVOLI - N.10 SEDIE ) + N. 2 HP PROBOOK 470 G10 (I5+I7) + PC DELL INSPIRON 3030 SFF + XIAOMI BUD 5 + N.2 ROBOT ECOVAX X5 + FRIGORIFERO + DYSON PURIFIER  HUMMDIFY + COOL,1200,
,A1G01730,06/06/2025,07/01/2030,60 M,MOBILI (TAPPARELLE DA SOSTITUIRE),201.16,
,A1G01735,06/06/2025,07/01/2030,60 M,RIELLO UPS 8000 VA + N.2 HARD DISK X SERVER + N.2 TEL WIFI + STAMPANTE ZEBRA ZT231+ ESTENSIONE + ECOVAX X9,498.94,
,A1G11651,07/03/2025,08/01/2030,60 m,"EPSON EM-C800 + ARREDO + SCRIVANIA + HP PC 290 G9 + MONITOR 21,5"" + MONITOR 27"" + N.3 TEL T58W",890,
,,07/01/2025,,,LINEA DATI,,
,,,,,PALMARE,,
,14139922 - A1E95060,,,60 M,"XEROX C8145 + HP WORKSTATION Z2 TOWER G9  + OFFICE + SAMSUNG TABLET + TV SAMSUNG 43"" + LOGITECH SOUNBAR + INTERFONO CON MICROFONO + SAMSUNG GALAXY S24 ULTRA 1TB + N.2 XIAOMI 13T PRO +( XEROX C8035 + HP WORKSTATION ZBOOK 16 G10 + SAMSUNG GALAXY S23 ULTRA 1TB + SAMSUNG TV 32"" IN DDT MA NON CONSEGNATI)",1713.88,
,,05/01/2021,05/01/2026,60 M,ALTALINK C8135 V_T + VERSALINC C405,250,
,,03/01/2021,,RINNOVO AUTOMATICO ANNUALE,REGISTRAZIONE DOMINIO CASELIA.IT + HOSTING + CASELLE EMAIL,50 ANNO,
,,07/01/2021,,*,SVILUPPO SITO WEB CASELIA,VENDITA,
,,07/01/2021,,12 MESI RINNOVO AUTOMATICO ANNUALE,mmobiliare 74,240 ANNO,
,A1E79073,26/10/2023,01/01/2029,60 M,XEROX VERSALINK C7025 + FAX,110,
,,06/01/2025,,rinnovo automatico,CREAZIONE CASELLA PEC ARTURO.ELIA@PEC.CASELIA.IT,50 ANNO,
,A1G05542,06/06/2025,07/01/2030,60 M,QUBI PC MSI,25,
,,01/03/2022,01/01/2027,60M,EPSON C878 + EPSON C579  SI LASCIA MULETTO C405 VECCHIO CONTRATTO,160,
,,01/01/2022,01/01/2027,60M,LENOVO IDEA PAD FLEX 5 + N.4 HP AIO ELITONE 800 G6+ OFFICE,185,
,,13/05/2022,06/01/2027,60M,N.2 NOTEBOOK HP 250 G8 + OFFICE,40,
,,22/09/2023,10/01/2028,60M,N.5 IPHONE 14 PRO 256GB + ESTENSIONE,155,
,,26/10/2023,11/01/2028,60M,IPAD PRO 11 WI- FI + CELLULAR 512GB,48,
,,22/05/2024,06/01/2029,60 M,"HP WORKSTATION Z1 G9 (I9 32GB SSD 1TB SCHEDA GRAFICA 12TB) + ESTENSIONE 5Y + HP MONITOR 27"" + OFFICE 365",55,
,25,09/01/2024,31/08/2029,60 M,NAS SYNOLOGY DS224+ COMPLETO 2HD 4TB,25,
,14209030,19/12/2024,01/01/2030,60 M,"HP NOTEBBOK 250 G10 + TV 55"" +N.2 POLTRONE PRESIDENZIALI",50,
,127-42583,04/01/2025,04/01/2030,60 M,CONDIZIONATORE HAIER (acquistato dal cliente),165,
,,11/03/2023,01/01/2029,60 M,EPSON C878,100,
,,11/03/2023,01/01/2029,60 M,EPSON C869 USATA,100,
,,16/12/2020,12/01/2025,60 M,HP SERVER PROLIANT DL360 G10 + NAS SYNOLOGY COMPLETO DI N.4HD 2TB + FRITZBOX 2004 + ARMADIO RAC + CLAUD BACK UP 2 TB,200,
,14156064,04/01/2024,04/01/2029,60 M,EPSON AMC-4000,360,
,14174934,07/04/2024,07/01/2029,60 M,N.3 ASUS EXPERT NOTEBOOK B1 + ANTIVIRUS,75,
,,10/01/2024,,VENDITA,N.38 ANTIVIRUS PANDA AND POINT PROTECTION 3 Y ( RINNOVO TRIENNALE),,
,,10/01/2024,,VENDITA,NAS SYNOLOGY DS 923+ COMPLETO N.4 HD 45TB,,
,,11/01/2024,,,AUMENTO SPAZIO CLOUD 2TB - SPAZIO TOTALE DA 10TB A 12TB,25,
,14221801,03/01/2025,03/01/2030,60 M,"hp server reck proliant dl 360 g11 ( ram 64gb - hd 8 2,4 tb + 2 alimentatori + windows server standard + 40 call + garanzia 5y + (NAS SYNOLOGY COMPLETO DI N.4HD 2TB + FRITZBOX 2004 + ARMADIO RAC) lasciati vecchio contratto",215,
,A1E75585,20/10/2023,01/01/2029,60 M,EPSON C878,109,
,A1G08028,18/06/2025,17/07/2031,72 M,EPSON AM-C6000 (CANFOR),195,
,,06/01/2022,06/01/2027,60 M,N.5 EPSON WORKFORCE C878 (1 ROMA) + N.3 EPSON C579 + EPSON PLOTTER SURECOLOR SC-T5405 + N.5 KIT INCLUSI,790,
,,19/10/2023,11/01/2027,48 M,EPSON C579,90,
,,04/02/2024,05/01/2028,48 M,EPSON PLOTTER SURECOLOR SCT5405 + GARANZIA + 4 KIT,138,
,14250337,07/11/2025,08/01/2030,60 M,EPSON EM-C800,90,
,,10/01/2020,30/09/2025,60 M,"ALTALINK C8055V_F + Stazione di finitura libretto Business Ready 2000 fogli
Piegatrice a C/Z (Business Ready)
Kit per trasporto orizzontale (Business Ready)",690,
,,,,*,CABLAGGIO,500,vendita
,,11/01/2020,31/10/2025,60 M,"N.2 IMAC 21.5"" (I5/8GB/256GB) + N.2 APPLE CARE + HP 200 G4 AIO",80,
,,11/01/2020,31/10/2025,60 M,"IMAC 27"" NANOTEXTURE + IMAC 27"" + N.2 APPLE CARE + N.3 IPAD AIR 64GB WIFI + CELL + TASTIERE + APPLE CARE",270,
,,04/01/2025,31/03/2030,60 M,"XEROX C8270 V_F ( COMPLETA DI KIT DI TRASPORTO + UNITA' DI FINITURA LIBRETTO BUSINESS READY 2000 FOGLI + CARTELLA C/Z) + N.2 LENOVO ALL IN ONE 27"" + DELL XPS 16 + ESTENSIONE + HP PROBOOK 460 G11 + ESTENSIONE (PER DLL ELITEBOOK 860) + HP ALL IN ONE 32"" + WINDOWS 11 + ESTENSIONE (PER DLL 400 G9 + MONITOR 32"") + N.2 APPLE MAC STUDIO + MOUSE + TASTIERA + N.2 MONITOR 27"" + ESTENSIONE",1380,
,,07/12/2023,08/01/2028,60 M,MICROSOFT SURFACE PRO 9 COMPLETO DI OFFICE PENNINO COVER + TASTIERA PORTA PENNINO,50,
,,04/01/2025,31/03/2030,60 M,"HP PC 400 G9 + N.2 MONITOR SAMSUNG 27""",30,
,,,,*,CABLAGGIO,500,vendita
,,01/01/2021,,12 MESI RINNOVO AUTOMATICO,AUMENTO SPAZIO ACCOUNT - come da richiesta da Beatrice cambiata rag.sociale febbraio 24,20,
,,01/01/2020,01/01/2025,60 M,Xerox C8030 + fax (+ s.o. + server ML310 in DDt non consegnato) + google app,355,
,,10/01/2019,04/01/2025,66 M,HP NOTEBOOK 450 G6 + OFFICE,25,
,A1B78578,02/12/2020,10/01/2025,66 M,N.4 PROBOOK 455R + 4 OFFICE + ARMADIO REC + QNAP NAS + N.4 HD DA 2 TB + QNAP NAS + N.4 HD DA 1 TB + LICENZA PHOTOSHOP (SOLO PER 1 ANNO),260.53,
,,11/01/2021,31/10/2026,60 M,DELL NOTEBOOK VOSTRO 5510 (I7 16GB 512 GB GRAFICA 2GB ) + OFFICE RECUPERATO,40,
,,11/01/2021,31/10/2026,60 M,DELL NOTEBOOK VOSTRO 5510 (I7 16GB 512 GB GRAFICA 2GB ) + OFFICE RECUPERATO,40,
,,01/01/2023,,,N.20 LICENZE MICROSOFT 365 BUSINESS STANDARD (N.14 GENNAIO 23 + 1 MAGGIO 23 + 1 OTTOBRE 23 + 2 DICEMBRE 23 + 2 dicembre 24),230,
,,01/01/2023,,12 MESI RINNOVO AUTOMATICO,N.6 LICENZE MICROSOFT EXCHANGE ONLINE,225 ANNO,
,,04/01/2023,,12 MESI RINNOVO AUTOMATICO,CONTRATTO DI CONSULENZA ED ASSISTENZA INFORMATICA,1200 ANNO,
,,13/12/2023,01/01/2027,36 M,N.5 DELL NOTEBOOK VOSTRO 3520,87,
,A1F31886,07/11/2024,10/01/2029,60 m,EPSON ENTERPRICE AMC-4000 + FAX (2 CASSETTI + STAND),260,
,,01/01/2025,,60 m,LICENZA MICROSOFT ENTRA ID P2(AUTENTICATOR),110 ANNO,
,A1F96295,15/05/2025,07/01/2028,36 M,PROBOOK 450 G10 + N.2 PROBOOK 445 G11 + WORKSTATION HP ZBOOK POWER 16 G11 + NAS SYNOLOGY DS 423+ CON 3 HD 4 TB + vecchio contratto: NAS + ARMADIO,225,
,,,,,REALIZZAZIONE VPN (MERAKI MX - 64 + ASSISTENZA E AGGIORNAMENTI CANONE ANNUALE),,
,127-43483,07/01/2025,07/01/2030,60 M,EPSON AM-C800,49,
,,11/01/2024,,,N.19 LICENZE MICROSOFT OFFICE 365 APPS FOR BUSINESS,"140,40 CAD ANNO",
,,03/01/2025,,,N.14 LICENZE MICROSOFT OFFICE 365 BUSINESS STANDARD,"140,40 CAD ANNO",
,,04/01/2025,,,N.30 LICENZE MICROSOFT OFFICE 365 BUSINESS BASIC,"2016,00 ANNO",
,,03/01/2024,28/02/2029,60 M,EPSON C579 + STAND,45,
,12735411,04/01/2023,04/01/2028,60 M,EPSON C579,110,
,12737594,01/01/2024,01/01/2029,60 M,N.2 HP NOTEBOOK 450 G10 + N.2 OFFICE H&B 2021 + N.2 PANDA ANTIVIRUS + ASSISTENZA,60,
,12737951,01/01/2024,01/01/2029,60 M,STAMPANTE BADGE + SOFTWARE DI GESTIONE + NASTRO COLORI 250 BADGE + N.2 CONFEZIONI 100 BADGE,30,
,12739140,04/01/2024,04/01/2029,60 M,N. HP NOTEBOOK 450 G10 + N.1 OFFICE H&B 2021 + N.1 PANDA ANTIVIRUS + ASSISTENZA,30,
,12740317,07/01/2024,07/01/2029,60 M,N. HP NOTEBOOK 450 G10 + N.1 OFFICE H&B 2021 + N.1 PANDA ANTIVIRUS + ASSISTENZA,30,
,,07/01/2024,,VENDITA,SYNOLOGY NAS DS224 PLUS COMPLERTO N.2 HD 2 TB,VENDITA,
,12742056,01/01/2025,01/01/2030,60 M,HP ELITEBOOK 860 G11 + OFFICE + PANDA,40,
,,30/11/2020,01/01/2026,60 M,N.5 IPHONE 12 128GB + SISTEMA AXIA CONSOLLE (IN FATTURA BNP MA DEL CLIENTE),"BNP 1417,25 TRIMESTRE",
,14175991,18/07/2024,08/01/2029,60 M,N.2 DELL OPTIPLEX AIO 23.8 + OFFICE + ESTENSIONE 36MESI,60,
,,,,,INSTALLAZIONE PER CONTO DI EPSON,,
,,,,,INSTALLAZIONE PER CONTO DI EPSON,,
,,01/01/2020,,*,CONTRATTO ASSISTENZA TECNICA SI FATTURA ORA INTERVENTO € 80.00 ORA,,
,,27/01/2023,02/01/2028,60 M,N.2 CENTRALINI YEASTAR P550 + N.4 MODULI ESPANSIONE + N.30 TELEFONI YEALINK T33P + N.2 SWITCH + INSALLAZIONE CONFIGURAZIONE E ASSISTENZA ( CREMA + SEGRATE),170,
,,07/11/2023,10/01/2028,60 M,N.7 HP PRO TOWER 400 G9 + HP PROBOOK 450 G9,125,
,,18/12/2023,01/01/2029,60 M,N.4 IPHONE 15 PRO MAX 256GB + REKSAFE ( 3 NERI 1 BLU),140,
,14197522,11/06/2024,11/01/2029,60 M,"MAC BOOK PRO 14"" + RECSAFE",45,
,,09/01/2023,09/01/2028,60 MESI,EPSON ENTERPRISE AMC-4000 + DOPPIO CASSETTO + XEROX C8035,550,
,,,,*,VENDITA COMPONENTE 2016,*,
,,,,*,VENDITA COMPONENTE 2016,*,
,,29/07/2021,08/01/2026,60 M,N.2 EPSON C579 + EPSON C529,99,
,A1C40835,19/11/2020,01/01/2026,60 M,"VL C7025 + FAX (vecchio contratto) - 2 PC ACER VERITON + 2 MONITOR 24"" + NOTEBOOK DELL 5580 +2 OFFICE + ANTIVIRUS + CENTRALINO S20 + CORDLESS + TELEFONO OPERATORE + N.2 TEL.FISSI + ARMADIO RAC",210,
,,05/01/2023,30/04/2028,60 M,"N.4 GOOGLE HOME MINI + MONITOR 27""",100,
,,11/01/2022,,,(WorkCentre 7125 T RITIRATA 06/2025)  XEROX C7025 USATA  + FAX + N.2 XEROX 6605 - nuova installazione nov.22 (compensa loro fattura € 1500.00 anno),FATTURA ANNUALE € 1500.00,
,,04/01/2023,04/01/2028,60 M,EPSON ENTERPRICE AM-C4000 4 CASSETTI,180,
,A1D72966,21/06/2022,07/01/2027,60 M,"C7025 + FAX + PS3  + 2 ANTIVIRUS + PHOTOSHOP  +ILLUSTRATOR + NAS + 4 DISCHI 2 tb  (vecchio contratto) + 1 WORKSTATION HP Z2G5 (32gb memoria) +Z1G9   2 MONITOR HP 24"" MM + 2 OFFICE   + 2 UPS 1500 VA",395,
,,26/01/2023,04/01/2028,60 M,CENTRALINO YEASTAR P550 (LICENZA VALIDITA' 1 ANNO) + MODULO + N.2 GATEWAY + N.3 BASE DECT + N.7 CORDLESS,60,
,,07/08/2022,10/01/2027,60 M,HP WORKSTATION ZBOOK STUDIO G8 + OFFICE H&B 2021,60,
,,10/08/2021,11/01/2026,60 M,EPSON C878 + N.3 HP AIO 440 G6 + OFFICE + ANTIVIRUS,135,
,,02/02/2023,03/01/2028,60 M,HP PROBOOK 470 G9 + OFFICE,40,
,,01/01/2023,02/01/2028,60 M,EPSON C878,150,
,,,,*,CLIENTE ATTIVO,,
,,,,*,CLIENTE ATTIVO,,
,,07/01/2025,,,CONNETTIVITA',83,
,A1G10029,30/06/2025,07/01/2030,,ARMADIO RACK+NVR+SISTEMA ANTIFURTO + 11 TELECAMERE,130,
,A1G05812,30/06/2025,07/01/2030,60 m,"centralino P520 + linkus x 5 anni ,2 telefoni fissi,1 cordless",40,
,,03/01/2022,03/01/2027,60 M,XEROX C7025,70,
,,03/01/2024,28/02/2029,60 M,XEROX 6605 + NOTEBOOK HP PROBOOK 450 G5 (TUTTO USATO),70,
,,16/06/2020,07/01/2025,60 M,EPSON C869 + MOBILETTO + MULETTO PER TUTTA LA DURATA DEL CONTRATTO XEROX 7120 USATA,130,
,,,,,VIDEOPROIETTORE,ACQUISTO,
,,,,,VIDEOPROIETTORE,ACQUISTO,
,,,,,,,vendita
,,09/01/2023,,VENDITA,XEROX 6605 + HP NOTEBOOK 250 G5 (MATERIALE USATO) + ROUTER LTE NUOVO,3000,
,,11/01/2023,31/10/2028,60 M,XEROX 6605 (USATA) + HP PC AIO 800 G3 (USATO)+ ROUTER LTE + APPLE IPHONE 14 PRO 512 + REC SAFE + APPLE AIRPODS PRO + DYMO ETICHETTRATRICE + N.3 NASTRI,132.6,
,,14/02/2024,03/01/2029,60 M,"FIREWALL MERAKY Z3 + LICENZA 3Y + 1 CORDLESS + 1 TV 43"" + STAFFE + N.1 PC + MONITOR + PANDA + 1 PC USATO + OFFICE + PANDA + (CENTRALINO WILDIX VECCHIO CONTRATTO + N.8 TELEFONI + EPSON WF C579 + IPHONE 12 + GALAXY ZFOLD2 VECCHIO CONTRATTO IFIS)",410,
,,13/02/2023,04/01/2028,60 M,(SERVER DL360G10 + RAM 32GB + 3HD 300GB + ULTRIUM + WINDOWS SERVER 2016 + 10 CAL + 10 LICENZE RDS +  4 PC ASUS  ALL IN ONE + ARMADIO REC) BENI DAL VECCHIO CONTRATTO STUDIO ELLECI  + EPSON ENTERPRICE AM-C6000 + N.4 PC AIO + N.1 NOTEBOOK,565,
,,07/01/2018,,RINNOVO ANNUALE,DOMINIO + MAIL,100,
,,07/07/2015,,60 M TACITO RINNOVO,CONTRATTO DI ASSISTENZA,85,
,,01/01/2025,31/12/2029,60 M,HP PC + MONITOR + OFFICE + PANDA ( MATERIALE USATO),20,
,,12/01/2023,12/01/2028,60 MESI,EPSON C879 + C579,250,
,A1F82695,18/03/2025,04/01/2030,60 M,EPSON C879 + EPSON EM-C800,260,
,,18/03/2025,04/01/2030,60 M,C579  CASA TITOLARE VECCHIO CONTRATTO,*,
,,13/07/2022,10/01/2027,60 M,EPSON C878 + C579,189,
,,13/07/2022,10/01/2027,60 M,C579  CASA TITOLARE,*,
,,01/01/2025,31/12/2029,60 M,EPSON C878 + HP PLOTTER DESIGNJET T630 + ESTENSIONE  ( COMPRESI 5 KIT INK ),160,
,A1F33704,26/06/2024,07/01/2029,60 M,N.3 ENTERPRISE AM-C4000 CON N.4 CASSETTI + N.1 FAX + EPSON C878 N.2 CASSETTI + STAND + EPSON M5399 N.2 CASSETTI CARTA+ EPSON M5399 + N.3 CASSETTI CARTA + EPSON M5899 N.2 CASSETTI CARTA + STAND,620,
,,,,*,N.3 PANNELLI PLEXIGLAS,,vendita
,,,,*,RISCATTO NOLEGGIO IPHONE 8,,vendita
,,03/01/2022,03/01/2027,60 M,EPSON C579 + NAS + N.2 DISCHI  + (N.2 PC + MONITOR + OFFICE (RIGENERATI) + MERAKI Z3 + LICENZA ANNUALE INCLUSA SOLO IL PRIMO ANNO + DISTRUGGI DOCUMENTI,90,
,A1F50007,10/04/2024,11/01/2029,60 M,APPLE IPHONE 16 PRO MAX 256GB TITANIO SABBIA,30,
,,,,*,N.3 PANNELLI PLEXIGLAS,,vendita
,,,,*,RISCATTO NOLEGGIO IPHONE 8,,vendita
,A1G25096,11/01/2025,,60M,EPSON C579 ( USATA) + HP PC AIO 240 G10 + OFFICE STANDARD 2024 + PANDA,45,
,,01/01/2025,31/12/2029,60 M,EPSON C579,50,
,,10/10/2023,01/01/2029,60M,EPSON C878,80,
,A1C53311,25/01/2021,04/01/2026,60M,N.2 EPSON C579,180,
,A1D10960,10/08/2021,01/01/2027,60M,CENTRALINO YEASTAR S50 + LICENZA LINKUSS 5 ANNI + 10 CUFFIE BLOOTHOOT + N.12 SMARTPHONE OPPO A15 + ROUTER 4G (FORNITO DA SMARTELL),95,
,A1F95307,20/05/2025,07/01/2030,60M,N.2 EPSON EM-C800 + CENTRALINO S50 YESTAR ( VECCHIO CONTRATTO) + N.5 DECT W80 + N.1 DECT MANAGER + (N.12 CORDLESS GIGASET S700H PRO IN DDT BNP) + N.12 YEALINK W73H,255,
,A1G04142,06/12/2025,07/01/2030,60 M,CENTRALINO YEASTARS P520 + N870 IPDECT + N.3 CORDLESS S700H + N.1 TELEFONO GRP2616 + SWITCH WIFI POE (VIGEVANO) + CENTRALINO YEASTARS P520 + N. 2 N870 IPDECT + N.3 CORDLESS S700H + N.1 TELEFONO GRP2616 + T54W TELEFONO SWITCH WIFI POE (S.MARTINO),280,
,,07/10/2019,,60 M,N.9 OFFICE HOMEBUSINESS 2019,45,
,,17/09/2019,,12 M RINNOVO AUTOMATICO,DOMINIO,100,
,A1C08586,27/10/2020,01/01/2026,60 M,CENTRALINO YEASTARS 20 + N870 IPDECT + N.3 CORDLESS S650H + N.1 TELEFONO T465S + SWITCH WIFI POE (VIGEVANO) + CENTRALINO YEASTARS 20 + N. 2 N870 IPDECT + N.6 CORDLESS S650H + N.1 TELEFONO T465S + SWITCH WIFI POE (S.MARTINO),260,
,,,,,N.6 PISTOLA TERMOSCANNER,,vendita
,,12/01/2020,,12 MESI RINNOVO AUTOMATICO,CREAZIONE N.6 CASELLE EMAIL,240 CANONE ANNUALE,
,,05/05/2021,07/01/2026,60 M,N.2 PC HP 400 G3 USATI (SAN MARTINO SICCOMARIO) + N.2 LENOVO USATI (VIGEVANO),70,
,,15/06/2022,07/01/2027,60 M,EPSON C579 + IPHONE 13 PRO 128 GB(tutto in milano color),65,
,,05/01/2023,30/04/2028,60 M,UANIA + LICENZA ANNUALE (INSTALLATA VIGEVANO),20,
,,26/05/2023,07/01/2028,60 M,SEDE DI SAN MARTINO : XEROX C7125 + N.2 C579 (1 USATA IN MILANO COLOR) + N.5 PC + MONITOR + OFFICE + ANTIVIRUS + PROVENIENTE DAL VECCHIO CONTRATTO : SERVER + NAS + FIREWALL + WIFI,580,
,,26/05/2023,07/01/2028,60 M,SEDE DI VIGEVANO : XEROX C7125 + N.2 PC + OFFICE + MONITOR + ANTIVIRUS + 1 PC USATO VECCHIO CONTRATTO,,
,,06/01/2023,07/01/2028,60 M,IPHONE 14 PRO 256GB SILVER,30,
,,03/01/2024,28/02/2029,60 M,N. 1 PAPERTABLET REMARKABLE 2 + PENNINO + CUSTODIA,15,
,,20/10/2021,01/01/2027,60 M,N.15 HP PROBOOK 450 G8 + OFFICE + ESTENSIONE+ antivirus **+ EPSON ENTERPRICE C20750 + N.2 EPSON C579 (RESA 1 FRONTE NUOVO NOLEGGIO EPSON C878)  + (MATERIALE USATO VECCHIO CONTRATTO:  SERVER DL380 + NAS + SWITCH + MERAKI) + ANTIVIRUS,1530,
,,01/01/2022,01/01/2027,60 M,EPSON C878,100,
,,05/01/2021,30/04/2026,60 M,SYNOLOGY NAS 220 PLUS completo di 2 hd da 3 tb +  SERVIZIO BACK UP in cloud 2 TB,130,
,,,,*,(VENDITA) REALIZZAZIONE SOFTWARE DEDICATO,*,
,,12/01/2020,,*,monte ore 100 ore( come da accordi Fabio 13/01/2022) (€ 6000),,
,,23/09/2020,10/01/2025,60 M,CENTRALINO YEASTAR S50 + N.2 SCHEDE B2 + N.2 RAGNI PER SALA CONFERENZE + N.35 TELEFONI + N.2 SWITCH 24 P POE+microfono,415,
,,,,*,N.3 HP PROBOOK 450 G7 + OFFICE,,
,,23/09/2020,10/01/2025,60 M,CENTRALINO YEASTAR S50 + N.2 SCHEDE B2 + N.2 RAGNI PER SALA CONFERENZE + N.35 TELEFONI + N.2 SWITCH 24 P POE+microfono,415,
,,,,VENDITA,REALIZZAZIONE VPN TORINO (MERAKI + ASSISTENZA CANONE ANNUALE),,*
,,02/12/2021,04/01/2026,60 M,NOTEBOOK LENOVO THINKBOOK 15G2 COMPLETO DI OFFICE,25,
,,17/06/2022,07/01/2027,60 M,CENTRALINO YEASTAR P550 + SCHEDA + N.3 CORDLESS + ASSISTENZA PER TUTTA LA DURATA DEL NOLEGGIO,50,
,,08/01/2020,31/07/2025,60 M,N.16 TELECAMERE,59,
,12742799,04/01/2025,04/01/2030,60 M,DVR + N.16 TELECAMERE ANALOGICHE + N.5 TELECAMERE IP + HARD DISK 2TB + N.2 SWITCH 5 PORTE POE,65,
,A1E18970,13/01/2023,04/01/2028,60 M,CENTRALINO YEASTAR P550 + MODULO + LICENZA ( 5 ANNI) + N.6 CELLE DECT + N.8 CORDLESS W59R + N.21 CORDLESS W78H + N.3 TELEFONI T46U + 1 SWITCH 24 PORTE + N.2 CUFFIE MONO BLUETOOTH,350,
,12742951,04/01/2025,04/01/2030,60 M,CENTRALINO YESTAR P560 + N.5 CORDLESS W59R + SWITCH 16 PORTE POE,120,
,,16/12/2020,01/01/2026,60 M,CENTRALINO YEASTAR S50 + N.5 TELEFONI N870 + N.6 TELEFONI S650H PRO + N.2 TELEFONI YEALINK T42S,95.81,
,,01/01/2022,,RINNOVO AUTOMATICO,CONTRATTO DI MANUTENZIONE TELEFONIA,250 ANNO,
,,18/01/2022,02/01/2027,60 M,CENTRALINO + SCHEDE + TELEFONO + ASSISTENZA,35,
,,06/09/2020,07/01/2025,60 M,CENTRALINO YEALINK + FIREWALL + RISPONDITORE + N.2 CORDLESS + N.7 TELEFONI,139,
,,26/11/2020,01/01/2026,60 M,N.1 EPSON C878 + N.2 C579,170,
,,29/07/2022,10/01/2027,60 M,CENTRALINO S20 + TELEFONO,30,
,,17/10/2022,01/01/2028,60 M,CENTRALINO YEASTAR S20 + TELEFONO YEALINK POST OPERATORE + N.4 CORDLESS GIGASET,55,
,,05/01/2021,,,CENTRALINO S20 + N.1 CORDLESS + N.2 TELEFONI + LINKUS X 5 ANNI + ASSISTENZA CENTRALINO 5 ANNI + GSM BOX (riscatto finale 1% su imponibile) + SISTEMAZIONE ARMADIO RACK + INSTALLAZIONE E CONFIGURAZIONE,*,
,,30/07/2021,08/01/2026,60 M,CENTRALINO + SCHEDE + N.3 TELEFONI,60,
,14224328,05/01/2025,05/01/2030,60 M,CENTRALINO YEASTAR P520 + ACC + N.1 DECT N510 + N.2 CORDLESS GIGASET + CONTRATTO ASSISTENZA,70,
,,01/01/2022,01/01/2027,60 M,N.2 EPSON C878 (,140,
,,30/08/2024,09/01/2029,60 M,MAC BOOK PRO 14,50,
,,11/01/2024,31/10/2029,60 M,N.33  MICROSOFT OFFICE PROFESSIONAL PLUS 2021,92.4,
,,11/11/2022,01/01/2027,48 M,HP PC AIO 440 G6,24.7,
,14050435,10/01/2022,12/01/2027,60 M,XEROX ALTALINK C8135 V_T + 097S05027+ 497K17440,400,
,,10/01/2022,12/01/2027,60 M,XEROX VERSALINK B600 + PHASER 4600 (USATA VECCHIO CONTRATTO),400,
,,,,,CENTRALINO + TELEFONI,VENDITA,vendita
,,01/01/2021,,12 MESI RINNOVO AUTOMATICO,CONTRATTO DI MANUTENZIONE TELEFONIA,350 ANNO,
,,07/01/2022,,VENDITA,LETTORE C2C PRO + N.10 BADGE,,
,,08/01/2022,,VENDITA,SOFTWARE RILEVATORE PRESENZE,,
,,12/01/2023,30/11/2024,VENDITA,CONTRATTO ASSISTENZA SOFTWARE RILEVATORE PRESENZE CANONE ANNUALE,CANONE ANNUALE,
,,,,,CENTRALINO + TELEFONI,VENDITA,vendita
,,06/09/2020,07/01/2025,60 M,N.1 EPSON ENTERPRISE WF-C17590 + N.7 EPSON WF-C869 + STAND  + N.7 EPSON WF-C579 ( n.1 c579 ritirata in data 24/10/2023),1703.57,
,,01/01/2024,01/01/2029,60 M,EPSON ENTERPRISE AM-C5000,135,
,127-43081,04/01/2025,04/01/2030,60 M,EPSON AM-C 6000 4 CASSETTI + N.7 EPSON C879 + N.6 EPSON EM-C800 + N.10 LETTORI BADGE,1650,
,,04/01/2022,04/01/2027,60 M,EPSON C579 + STAND,75,
,,10/01/2022,10/01/2027,60 M,N.3 XEROX C405,140,
,,21/12/2023,01/01/2029,60 M,EPSON ENTERPRISE AM-C6000 + DOPPIO CASSETTO + N.1 C579 (PER SOFIA - macchina ritirata agosto 2025) + (N.4 C579 + M5799 VECCHIO CONTRATTO)(inserito in ddt SN per c579 ma non consegnata),980,
,,,,*,bene in ctr filosofia - MACCHINA RITIRATA AGOSTO 2025 SU COMUNICAZIONE DEL CLIENTE,*,
,,,,*,bene in ctr filosofia - MACCHINA RITIRATA AGOSTO 2025 SU COMUNICAZIONE DEL CLIENTE,*,
,,28/12/2023,31/12/2028,60 M ,EPSON C878 + N.4 C579,650,
,A1G06768,26/06/2025,07/01/2030,60 M,"EPSON C579 + EPSON EP-C800 + HP SERVER PROLIANT ML350 G11 + ESTENSIONE + N. 2 HP PC 290 G9 + MONITOR 27"" + OFFICE + PANDA + NAS SYNOLOGY D224 PLUS + 2 HD 2 TB + UPS + CENTRALINO YESTAR S20 (USATO) + N.3 TEL.FISSI + N.2 CORDLESS + BACK UP 1TB IN CLOUD",390,
,,07/01/2025,,,LINEA FIBERWIDE,,
,,08/10/2022,10/01/2027,60 M,"HP WORKSTATION Z1G9 + MONITOR 32"" + OFFICE h&b",65,
,,13/07/2022,10/01/2027,60 M,EPSON C878 + C579,189,
,,13/07/2022,10/01/2027,60 M,C579  CASA TITOLARE,*,
,,01/01/2023,01/01/2028,60 M,N.11 EPSON M5799 + N.5 EPSON C878 + N.2 EPSON C879 + N.1 EPSON C579 (macchine realmente dal cliente) - RITIRO TONER INCLUSO,920,
,,03/08/2023,04/01/2026,36 M,APPLE MAC BOOK AIR + ADATTATORE RETE + APPLE CARE,57,
,,17/03/2023,04/01/2026,36 M,HP ELITEBOOK 650 G9 + OFFICE,45,
,,07/01/2023,07/01/2028,60 M,EPSON ENTERPRICE AM-C6000 + DOPPIO CASSETTO,195,
,14197344,11/11/2024,12/01/2029,60 M,"N.12 HP PRO ONE 440 G9 AIO + N.12 OFFICE H&B 2024 + ESTENSIONE GARANZIA 36 MESI + N.3 UBIQUITY SWITCH 48P + N.2 UBIQUITY CAVI SFP 0,5M + N.3 UBIQUITY SWITCH 16P + N.3 UBIQUITY SWITCH 8P + N.10 UBIQUITY FIREWALL UNIFI + N.2 UBIQUITY FIREWALL PROFESSIONAL + N.2 UBIQUITY CEILING MOUNT WIFI 7 AP + N.2 UBIQUITY POE INJECTOR + N.2 UBIQUITY WALL MOUNT",385,
,,10/08/2020,01/01/2026,60 M,EPSON C579 + STAND + 2 cassetti (2000 COPIE B/N IN OMAGGIO),80,
,,10/04/2021,01/01/2027,60 M,"HP PERSONAL COMPUTER 290 G3 SFF + OFFICE + MONITOR 24""",25,
,,27/08/2024,10/01/2029,60 M,"PC DELL 3910 + MONITOR 21,5"" + SWITCH 8 PORTE + 1 SWITCH 4 PORTE + ARMADIO RACK + ACC + N.2 ACCESS POINT + SWITCH 16 PORTE + NAS QNAP + 2 DISCHI 1TB USATO",93,
,A1G14196,17/07/2025,10/01/2030,60 M,EPSON WOKEFORCE EM - C 800 + 2 CASSETTI CARTA,80,
,,27/09/2019,04/01/2025,66 MESI,"EPSON C 579,",60,
,,09/01/2021,31/08/2026,60 MESI,EPSON C 878,243.8,
,A1F75433,28/01/2025,04/01/2030,60 M,EPSON C878 + C800 DOPPIO CASSETTO,300,
,,12/01/2021,30/11/2026,60 M,"MAC BOOK AIR 13.3"" + ESTENSIONE + NOTEBOOK ACER + MOUSE + TASTIERA WIFI + DOCKIN STATION",70,
,A1F47580,23/09/2024,10/01/2029,60M,EPSON M5899 + IPHONE 16 PRO MAX 256GB + RACKSAFE,85,
,14260338,23/09/2024,10/01/2029,60M,"IPHONE 14 PRO MAX 128GB (dal contratto di Guarracino) + N.2 NOTEBOOK DELL (I5 16 512) + N.2 ANTIVIRUS + IPAD 13"" WIFI + CELL 256GB + COVER + REKSAFE",165,
,A1C63936,19/02/2021,04/01/2026,60 M,"IPAD PRO 12.9"" 256GB",30,
,A1D74634,30/05/2022,07/01/2027,60 M,"IMAC 24""",60,
,A1E28632,23/02/2023,03/01/2028,60 M,MAC BOOK PRO 16 (16GB + 512 MB) + IPHONE 14 PRO MAX 128GB,135,
,,07/01/2025,30/06/2030,60 mesi,"epson c 579(usata), notebook lenovo(+ office usato) ,1 iphon 16 pro max 256 gb + reksafe",100,
,,05/10/2021,07/01/2026,60 M,EPSON C878 RITIRATA 11/2023 SOSTITUITA DA C7025  + XEROX WORKCENTER C7025 USATA,160,
,,23/11/2023,01/01/2029,60 M,XEROX C415,49,
,,29/12/2022,12/01/2027,60 M ,N.2 EPSON C579+ n.1 c 579 usata.+ ENTERPRISE C17590 (USATA VECCHIO CONTRATTO NO IFIS) ( ritirata INEO in data 13/09/2024 e sostituta con C579 usata ),150,
,,05/04/2023,06/01/2028,60 M,EPSON C579,59,
,,27/02/2024,04/01/2029,60 M,N.3 EPSON C579,200,
,14209002,31/12/2024,02/01/2030,60 M,EPSON EM-C800 + EPSON WF-5899,180,
,14172969,24/09/2024,10/01/2029,60 M,EATON UPS 155VA (CONSEGNATO A ROMA) + EATON UPS 2200VA CONSEGNATO AD ARESE,65,
,,17/11/2021,11/01/2026,60 MESI,XEROX ALTALINK C 8130 INITA' FINITURA LIBRETTO 2000 FOGLI,325,
,,07/01/2022,07/01/2027,60 MESI,N.2 XEROX C405,300,
,,27/10/2020,01/01/2026,60 M,EPSON C579,90,
,,18/01/2022,04/01/2027,60 M,impianto rete con proposta riscatto fine noleggio a 400 +iva,170,
,,08/01/2020,08/01/2025,60 M,"XEROX 722X + HP ProDesk 400G6+Monitor 24""+Office+ Nas Synology DS218 con 2HD 1tera+ Cloud Backup 500GB",178,
,,,,,6 licenze panda,240,
,14229076,24/06/2025,25/06/2030,60 M,"XEROX C8035 (USATA) + HP PC 290 G9 + HARD DISK 1TB + ESTENSIONE + OFFICE + MONITOR 24"" + NAS SYNOLOGY DS 218 (USATO VECCHIO CONTRATTO) + N.2 TELECAMERE + SWITCH POE 4 PORTE",180,
,,,,,6 licenze panda,240,
,,01/01/2023,,RINNOVO ANNUALE,CONTRATTO ANNUALE PER ASSISTENZA AS400,1140,
,,,,*,è un nostro competitor che ci passa lavori su telefonia e cablaggio,,
,,,,*,è un nostro competitor che ci passa lavori su telefonia e cablaggio,,
,,,,*,CONTRATTO CENTRALINO,,
,,,,*,CONTRATTO CENTRALINO,,
,,25/07/2023,10/01/2028,60 M,CENTRALINO + N.2 TELEFONI + 1 CORDLESS + SWITCH + N.2 VIDEOCITOFONI + ARMADIO RACK + NOTEBOOK DELL + OFFICE + (PC HP + MONITOR + OFFICE USATO),90,
,A1F35431,07/02/2024,10/01/2029,60 M,"EPSON C579 + HP PROTOWER 400 G9 + MONITOR 24"" + OFFICE + ANTIVIREUS VECCHI CONTRATTO",70,
,12742927,04/01/2025,04/01/2030,60 M,HP NOTEBOOK 250 G10 + DOCKING + ANTIVIRUS + OFFICE (RECUPERATO) + ESTENSIONE,25,
,,03/04/2024,04/01/2029,60 M,ARREDAMENTO,580,
,,05/01/2022,05/01/2027,60 M ,XEROX C7125 V_T,150,
,,08/01/2021,08/01/2026,60 M,"N.2 IMAC 21,5"" + OFFICE + XEROX 7220 USATA (MATERIALE CONSEGNATO A MILANO) + N.2 IMAC 21,5"" + OFFICE + C7025 V_T + PS3 + 7225 USATA  + PS3 (MATERIALE CONSEGNATO A BUCCINASCO) - OTTOBRE 2021 ARRIVATA FATTURA COSTO RIACQUISTO BENI FINE NOLEGGIO",240,
,,09/01/2021,31/08/2026,60 M,CENTRALINO INCLOUD 50% CON RES + N.9 TELEFONI SCRIVANIA + N.2 TELEFONI POST OPERATORE + SWITCH POE,185,
,,10/01/2021,30/09/2026,60 M,"MAC BOOK PRO TBAR 16"" + MAC BOOK AIR 13"" + N.2 OFFICE",80,
,,08/01/2021,08/01/2026,60 M,"N.2 IMAC 21,5"" + OFFICE + XEROX 7220 USATA (MATERIALE CONSEGNATO A MILANO) + N.2 IMAC 21,5"" + OFFICE + C7025 V_T + PS3 + 7225 USATA  + PS3 (MATERIALE CONSEGNATO A BUCCINASCO) - OTTOBRE 2021 ARRIVATA FATTURA COSTO RIACQUISTO BENI FINE NOLEGGIO",240,
,,,,*,PROGETTO VOCI E DATI - FATTURA FIBERWIDE,,
,,31/01/2023,31/01/2028,60 M,EPSON C579 + N.2 IPAD 11 256GB,100,
,,31/05/2023,31/05/2028,60 M,N.2 SAMSUNG GALAXY ZFOLD 4 256GB,60,
,A1F50035,10/08/2024,11/01/2029,60 M,EPSON C878,90,
,,16/02/2024,04/01/2029,60 M,"2 PC HP 400 G9 + 1 NOTEBOOK 250 G9 HP + 2 MONITOR 22"" + 3 OFFICE",90,
,,17/03/2021,04/01/2026,60 M,HP SERVER PROLIANT ML350 G10 + RAM 32 GB + 3 HD DA 1TB+ 2 ALIMENTATORI +UPS + ESTENSIONE 60 M,95,
,,19/10/2021,01/01/2027,60 M,EPSON C579,59,
,A1C80352,21/04/2021,05/01/2026,60 M,N.2 EPSON C878 + N.1 EPSON C579( CASA DOTT.SSA PANTE),350,
,A1E31673,21/03/2023,04/01/2028,60 M,SAMSUNG GALAXY ZFOLD 4 256GB (sostituito con Zfold 6 - non stornato ok fabio 17/01/2025)+ SAMSUNG GALAXY S23 256GB + NOTEBOOK ACER + OFFICE + ANTIVIRUS,120,
,A1F70836,16/01/2025,02/01/2030,60 M,"MSI CUBI PC NUC + TV LG 55"" + SOUNDBAR POLYCOM R30 + LG 27"" STAND BYME + GALAXY ZFLD 6 ROSA 512GB",185,
,A1G10285,07/10/2025,08/01/2030,60 M,N.2 ENTERPRISE AM-C4000 + 2 CASSETTI + STAND + EM-C800 ( CASA PANTE),370,
,,27/03/2024,04/01/2029,60 M,CENTRALINO YEASTAR CLOUD + LICENZE + N.4 TELEFONI COMPLETI DI ALIMENTATORE + N.5 LICENZE UTENTE,90,
,,04/01/2024,,PACCHETTO ORE,"PACCHETTO ASSISTENZA N.10 ORE ON SITE + REMOTO - COSTO ORE EXTRA € 60,00",VENDITA 500,
,,05/01/2024,,,N.5 OFFICE 365 + N.1 CASELLA SOLA POSTA,700 ANNO,
,,,,*,ASSISTENZA SITO CIRENEAPARTMENTS.IT,200 ANNO,
,,,,*,ASSISTENZA SITO SIGERIRESIDENCE.IT,200 Anno,
,,,,*,ASSISTENZA SITO CIRENEAPARTMENTS.IT,200 ANNO,
,,,,*,ASSISTENZA SITO SIGERIRESIDENCE.IT,200 Anno,
,14200840,18/11/2024,12/01/2029,60 M,CENTRALINO YEASTAR P520 + SCHEDA +N.2 TEL T43U + N.1 CORDLESS W73P,30,
,,04/01/2023,31/03/2028,60 M,XEROX ALTALINK C8135 (USATA) + CLOUD BACKUP,73.9,
,,11/01/2020,31/10/2025,60 M,APPLE IPAD PRO 11 lasciato al cliente,20,
,,08/01/2021,31/07/2026,60 M,N.1 MAC BOOK AIR 13 + OFFICE + APPLE CARE ( da febbraio 2024 come da accordi con Luca riduciamo la rata),27.5,
,,12/01/2022,,RINNOVO AUTOMATICO  ,GOOGLE APPS MIGRAZIONE CASELLA MAIL l.tavano@italfemgroup.it,65 ANNO,
,,06/01/2024,31/05/2029,60 M,N2 EPSON C579 USATE + CENTRALINO S20 USATO +N.4 TELEFONI + 1 CORDLESS + RILEVATORE PRESENZE + N.10 BADGE - MODIFICATA RATA DA  138 AD € 142 € PER CONSEGNA 09/02/2024 N.1 TELEFONO AGGIUNTIVO,142,
,,08/01/2024,31/07/2029,60 M,IPHONE 15 PRO 256 GB BLACK TITANIUM + REC SAFE,30,
,,11/01/2024,31/10/2029,60 M,IPHONE 16 PRO 256GB TITANIO NERO,35,
,,01/01/2025,31/12/2030,60 M,"HP PLOTTER DESIGNJET T630 (5 KIT COMPRESI) + GALAXY S24 ULTRA 256GB + MAC BOOK PRO 16""",190,
,,07/01/2025,30/06/2030,60 M,"IPAD PRO 13"" WIFI + CELL 256GB + TASTIERA + RECK SAFE - OK FABIO SI LASCIA AL CLIENTE",35,
,,07/01/2025,,60 M,IPAD PRO 13 256GB WIFI + CELL + TASTIERA + RECK SAFE,35,
,,08/01/2025,31/07/2030,60 M,N.2 IPAD 11 WIFI + CELL 128GB (SILVER+ BLU) + N.2 MAGIC CAIBOARD + N.2 RECK SAVE,45,
,,07/05/2023,10/01/2028,60 M,EPSON ENTERPRISE AM-C4000 + EPSON C579 + EPSON C529,265,
,,06/01/2021,31/05/2026,60 M,GUFO MEETING OWL,16,
,,07/01/2021,,48 M NOLEGGIO INTERNO GIA' EMESSA FATTURA VENDITA,N.7 ELITEBOOK 850 G7 + N.5 OFFICE H&B + N.2 OFFICE PROFESSIONAL,202,
,,17/03/2022,04/01/2027,60 M,CENTRALINO YAESTAR P550 + LICENZA LINKUSS 5Y,70,
,,04/01/2022,,48 M NOLEGGIO INTERNO GIA' EMESSA FATTURA VENDITA,HP 250 G8 + OFFICE PRO 2021 + BORSA + CUSTODIA,202,
,,05/01/2022,,48 M NOLEGGIO INTERNO GIA' EMESSA FATTURA VENDITA,HP 250 G8 + OFFICE PRO 2021 + BORSA + CUSTODIA,202,
,,08/01/2022,,48 M NOLEGGIO INTERNO GIA' EMESSA FATTURA VENDITA,ELITEBOOK 850 G8 + OFFICE H&B 2021 + BORSA + CUSTODIA,202,
,,27/08/2024,10/01/2029,60 M,N.4 NOTEBOOK DELL 3440 + OFFICE 365 + GARANZIA 60 M,156,
,A1F55425,14/11/2024,01/01/2030,60 M,N.2 NOTEBOOK DELL 3440 + OFFICE 365 + GARANZIA 60 M,78,
,,06/01/2023,31/05/2028,60 m,Epson C 579 USATA +( M5299 DA RITIRARE),25,
,,07/10/2020,10/01/2026,72 M ,HP WORKSTATION Z440 + OFFICE,20,
,,22/06/2020,07/01/2025,60 M,SERVER HP PROLIANT ML350G10 ( RAM 32 + 3 X 960GB SSD + 2 SCHEDE RETE + 2 ALIMENTATORI + WINSRDSTD2019 + 10 CLIENT + SISTEMA OPERATIVO ) + HP SWITCH 253048P + VMWARE VSPHERE6 ESSENTIAL + 1 ANNO ASSISTENZA + NOTEBOOK I7 + HP PERSONAL COMPUTER I5 + MONITOR + OFFICE,180,
,,10/01/2020,10/01/2025,60 M,"N.10 TELECAMERE + N.7 SCATOLE DI GIUNZIONE + N.1 NVRIP32CH + N.1 HARD DISK 3 TB + SWITCH 24 PORTE + ITREC NETWORK 19"" + TV 49""",110,
,,04/06/2021,07/01/2026,60 M,"MAC BOOK PRO TBAR 16"" + OFFICE",60,
,,12/01/2022,,VENDITA,NVR 16 CANALI + N.3 TELECAMERE BULLET + N.9 TELECAMERE DOME + SWITCH + ACCESSORI,VENDITA,
,,04/06/2023,07/01/2028,60 M,"EPSON AM-C4000 + HP PRODESK 400 G9 + SCHEDA WIFI + MONITOR 24"" + PISTOLA BARCODE +",260,
,,18/05/2023,07/01/2028,60 M,"CENTRALINO S20 + 3 TELEFONI + 7 CORDLESS + 2 TELECAMERE + 2 SWITCH + 2 MEDIA CONVERTER + 2 MODULO OTTICO +2 BRETELLE OTTICHE + 2 EXTENDER + 2 TV 50"" + 2 STAFFE X TV",75,
,,21/09/2023,10/01/2028,60 M,"PC DELL + OFFICE + MONITOR 24""",25,
,,27/10/2023,11/01/2028,60 M,(EPSON C579 + N.6 ACCESS POINT + PC HP 290 G9 + MONITOR + OFFICE NUOVO ) + (EPSON C529 + PC + MONITOR + OFFICE USATI),140,
,,02/01/2024,31/01/2029,60 M,XEROX B600 ( USATA) + 1 TELEFONO T42U,20,
,,05/01/2024,30/04/2029,60 M,HP PC + MONITOR + OFFICE + ANTIVIRUS,20,
,A1F52901,10/11/2024,01/01/2030,60 M,"N.2 MACBOOK PRO 14"" + RECSAFE",130,
,14202438,18/11/2024,12/01/2029,60 M,HP NOTEBOOK ZETABOOK G11 I9 + DELL NOTEBOOK I7 + N.2 OFFICE + N.2 BORSE NOTEBOOK + SSD ESTERNO 1TB + SEDIA UFFICIO,75,
,14220975,27/03/2025,04/01/2030,60 M,HP SERVER ML 350 G11 ( RAM 64GB + N.3 HD 960 GB + DOPPIO ALIMENTATORE + WINDOWS SERVER 2022 + N.10 CALL + ESTENSIONE ) + UPS X SERVER + CIABATTA UPS + SWITCH REC 16 PORTE (HP SWITCH 253048P + NOTEBOOK I7 + HP PERSONAL COMPUTER I5 + MONITOR + OFFICE vecchio contratto Bnp),190,
,127-43044,04/01/2025,04/01/2030,60 M,"EPSON C579 (RIGENERATA) + N.2 PC PRO TOWER 290 G9 + MONITOR 27"" + IPAD 11 PRO 256GB WIFI + CELL + IPHONE 16 PRO 2566GB + ESTENSIONE + OFFICE + N.2 UPS + N.2 NAS CON 2 DISCHI 2TB CAD (RIGENERATO) + ET60 TABLET ZEBRA RUGGED + ACC",140,
,A1G08739,27/06/2025,19/07/2030,60 M,"HP PC PRO TOWER 290 G9 + MONITOR 24"" + OFFICE + PANDA",22,
,,10/01/2025,,60M,"EPSON ENTERPRISE C20600 + EPSON C579 (USATE) + NVR (USATO VECCHIO CONTRATTO) + N.18 TELECAMERE + PC HP + MONITOR 24"" + OFFICE + PANDA",420,
,,,,*,centralino telefonico Panasonic Tda30,,
,,,,*,centralino telefonico Panasonic Tda30,,
,,27/01/2021,04/01/2026,60 M,EPSON C878 RDTWFC,90,
,14055626,11/01/2022,01/01/2028,60 M,"HP SERVER PROLIANT ML30 G10 PLUS + 2HARD DISK 1TB + WIN SERVER STANDAR 2022 + 5 CALL + ARMADIO RAC 22U + N.2 IPHONE 14 PRO 128GB + N.2 PC DELL + N.2 MONITOR 21,5"" + OFFICE + MAC BOOK PRO 16 + IPAD PRO 11 128 GB + NAS SYNOLOGY + N.2 HARD DISK 2TB + SOFTWARE PARALLELS",330,
,,02/10/2021,03/01/2026,60 M,"EPSON C878 + C579 + N.2 IPAD PRO 11 128GB + 1 IPHONE SE 64GB + HP PC 260 G4 MINI + MONITOR 24""( + STRUCTURE SENSOR MARK II--ritirato)",170,
,777652,04/06/2022,05/01/2027,60 M,"ASUS VIVOBOOK  + Mac book air 13,3"" + HP PROBOOK 450 G8 + N.2 OFFICE H&B 2021",75,
,14068567,21/12/2022,01/01/2028,60 M,"WORKSTATION + MONITOR 27"" LENOVO + OFFICE",45,
,14217914,03/01/2025,03/01/2030,60 M,"EPSON C878 + C579 (USATA VECCHIO CONTRATTO) + HP MINI PC + MONITOR 24"" + OFFICE (VECCHIO CONTRATTO) + IPAD 11 256GB + DELL NOTEBOOK I7 16GB + TV 50"" + TV 65"" + STAFFE + CAVO HDMI ( RIMANE DA VECCHIO CONTRATTO 1 IPAD + 1 MONITOR 24"")",240,
,,01/01/2024,31/12/2028,60 M,EPSON ENRPRICE AM-C 6000 COMPLETO DI DOPPIO CASSETTO E PINZATORE,390,
,,05/01/2024,30/04/2029,60 M,DAHUA DVR 32 CANALI COMPLETO HD + CONVERTITORE VIDEO,50,
,,21/02/2024,04/01/2029,60 M,EPSON C878 USATA + HP WORKSTATION ZBOOK 16 G10 + ESTENSIONE 5Y + OFFICE + MERAKY Z3 + LICENZA 3Y + NAS SYNOLOGY + N.2 DISCHI 2TB + TELEFONO X CENTRALINO,110,
,,12/01/2023,,VENDITA,SWITCH 24 PORTE POE + N.2 RIPIANI ARMADIO RACK + N.30 CAVI PATCH,,
,,04/11/2022,07/01/2027,60 M,DISTRUGGI DOCUMENTI SECURIO AF500,34,
,,29/11/2022,01/01/2028,60 M,EPSON C879 + XEROX C7025 (USATA),260,
,A1C61615,02/12/2021,04/01/2026,60 M,EPSON WF C579,90,
,,29/09/2021,10/01/2026,60 M,EPSON C579 + N.2 HP PC 400 G7 + MONITOR + OFFICE,90,
,,16/02/2022,04/01/2027,60 M,EPSON COLORWORKS CW-C6000PE + KIT CARTUCCE (STAMPANTE PER ETICHETTE),120,
,,20/03/2024,04/01/2029,60 M,HP SERVER REC PROLIANT DL360 G11 (RAM 128GB + 2 HD 480 + 6 HD 960 + DOPPIO ALIMENTATORE + 2 WINDOWS SERVER STANDARD 2022 + 5 CALL SERVER STANDARD 2022 + 3 WINDOWS SERVER 2022 REMOTE DESKTOP + 1 SQL SERVER 2022 + 1 CALL SQL SERVER) + VEEAM BACK UP + MICROSOFT HYPER-V + GRUPPO CONTINUITA 1500 VA + SYNOLOGY DS 224 + COMPLETO 2 HD 4 TB,330,
,A1F36731,23/07/2024,10/01/2029,60 M,"HP SERVER RACK PROLIANT DL360 G11 + N.2 HP PC 290 G9 + N.2 MONITOR 23,8"" + N.10 ACCESS POINT ENGINIUS + (N.2 OFFICE + MERAKI MX64 + ARMADIO REC + HP PROBOOK 450G7 VECCHIO CONTRATTO)",395,
,A1F46108,15/10/2024,01/01/2030,60 M,N.1 FIREWALL UBIQUITY PRO MAX + 20 UBIQUITY FIREWALL UNIFI + 20 SWITCH 5 PORTE,145,
,A1F57857,29/10/2024,01/01/2030,60 M,UANIA BOX PRO + UPGRADE IP AGGIUNTIVI + LICENZA 5Y + IP PUBBLICO AGGIUNTIVO 5Y,80,
,12742846,04/01/2025,04/01/2030,60 M,EPSON C579,60,
,127-43431,07/01/2025,07/01/2030,60 M,HP SERVER RECK PROLIANT DL 360 G11 (RAM 64GB + 3 HD 960 GB + 2 ALIMENTATORI + WINDOWS SERVER STANDARD 2022 16 CORE + SQL SERVER 2019 STANDARD + N.3 CALL SQL) + UPS 900 WATT + NAS SYNOLOGY DS224+ CON 2 HD 4 TB + SWITCH 16 PORTE POE,205,
,A1G12713,18/07/2025,10/01/2030,60 M,"EPSON EM-C800 + N.2 HP PC 400 G9 + MONITOR 27"" + WEBCAM + MONITOR 24"" + OFFICE STANDARD 2024",140,
,14218728,24/02/2025,03/01/2030,60 M,"APPLE IMAC 24"" VIOLA + ESTENSIONE",40,
,,15/06/2020,07/01/2025,60 M,"HP PROBOOK 430 G7 13.3"" + OFFICE - come da accordi con Fabio si chiude a naturale scadenza - non trovano i beni",25,
,592489,11/01/2020,11/01/2025,60 M,EPSON WORKFORCE C878 + STAND,115,
,,17/12/2020,01/01/2026,60 M,NOTEBOOK MSI CREATOR 15 - come da accordi con Fabio si chiude a naturale scadenza - non trovano i beni,48,
,,22/05/2022,06/01/2027,60 M,N.2 HP LASER JET 50145 DN + C405(usata vecchio contratto) + IPHONE 13 PRO 512 GB + N.2 IPHONE 13 PRO 256GB + IPHONE 13 PRO 256GB (NO DDT),350,
,,04/01/2024,31/03/2029,60 M,SAMSUNG GALAXY S24 ULTRA 12 + 512GB,30,
,A1F47564,25/10/2024,01/01/2030,60 M,N.4 IPHONE 16 PRO 512 GB + IPHONE 16 PRO 256GB + IPHONE 16 PRO MAX 1TB + REC SAFE TUTTI TEL.,220,
,A1F59694,22/11/2024,01/01/2030,60 M,"APPLE MAC BOOK PRO 14 (DISPLAY LIQUID RETINA XDR 14"" + 2 SSD 2TB + RAM 24GB ) + ESTENSIONE",70,
,A1F67937,12/12/2024,01/01/2030,60 M,"MAC BOOK AIR 15""+ estensione",40,
,12743008,04/01/2025,04/01/2030,60 M,SAMSUNG GALAXY S25 ULTRA 512 GB + ESTENSIONE,35,
,14234048,05/01/2025,05/01/2030,60 M,EPSON C879,150,
,,,,,IPHONE 11 256 GB BLACK,VENDITA,vendita
,,,,,"PC ASSEMBLATO (CPU: AMD RYZEN 7 3700X - SK.MADRE : ROG STIX X570 - F GAMING - SK.GRAFICA RTX2080 SUPER - HD: N.1 DA 4TD + N.1 SST 512 CP - CASE: CORSAIR GRAPHITE - ALIMENTATORE 750W - DISSIPATORE CON 2 VENTOLE - RAM 64GB - WINDOWS 10 HOME) + N.1 IPHONE12 PRO 512GB + APPLE CARE + N.1 PC HP (PS5) + N.1 JOG FORMA LED + TECNIGYM BIKE LIVE + HP MONITOR 24.5""",VENDITA,vendita
,,09/09/2022,10/01/2027,60 M,N.2 NOTEBOOK DELL VOSTRO 3510,35,
,,,,,IPHONE 11 256 GB BLACK,VENDITA,vendita
,,,,,"PC ASSEMBLATO (CPU: AMD RYZEN 7 3700X - SK.MADRE : ROG STIX X570 - F GAMING - SK.GRAFICA RTX2080 SUPER - HD: N.1 DA 4TD + N.1 SST 512 CP - CASE: CORSAIR GRAPHITE - ALIMENTATORE 750W - DISSIPATORE CON 2 VENTOLE - RAM 64GB - WINDOWS 10 HOME) + N.1 IPHONE12 PRO 512GB + APPLE CARE + N.1 PC HP (PS5) + N.1 JOG FORMA LED + TECNIGYM BIKE LIVE + HP MONITOR 24.5""",VENDITA,vendita
,14219405,30/01/2025,02/01/2030,60 M,EPSON C878,75,
,14251287,10/01/2025,,60 M,XEROX C7125  + N.2 EPSON EM-C800 + N.2 EPSON WF-M5399,260,
,,14/07/2022,08/01/2027,60 M,HP PROBOOK 470 G8 COMPLETO DI ADATTATORE ETH + ESTENSIONE 5Y,30,
,A1C64934,03/10/2021,04/01/2026,60 M,XEROX ALTALINK C8135 V_F,340,
,,15/09/2023,10/01/2028,60 M,"HP WORKSTATION Z2 G9 TOWER + MONITOR 27""",40,
,,20/05/2024,06/01/2029,60 M,"HP WORKSTATION Z1 G9 (I9 32GB SSD 1TB SCHEDA GRAFICA 12TB) + ESTENSIONE 5Y + HP MONITOR 27"" + OFFICE H&B 2021 + MASTERIZZATORE DVD ESTERNO",45,
,A1G23570,10/01/2025,,60M,XEROX C8235 ASP,340,
,,01/04/2024,01/01/2029,60 M,SAMSUNG GALAXY S21 + XEROX C 405 + CENTRALINO + TELEFONI ASSAGO + 2 PC 400 G5 SFF + 2 MONITOR + 2 OFFICE + 2 UPS + 1 NAS 2 HD 2TB + SWITCH + ARMADIO RAC + SCANNER CANON DR-C230 + GALAXY ZFOLD 3 5G GREEN (MARITO VERONICA,285,
,A1F00768,25/01/2024,04/01/2029,60 M,SAMSUNG GALAXY ZFOLD 5 1TB,55,
,,04/08/2024,05/01/2029,60 M,N.10 SCRIVANIE + N.7 SEDIE +N.4 CASSETTIERE + N.6 ARMADI + N.5 TELEFONI YEALINK + 1 CORDLESS +N.2 ACCESS POINT + SWITCH 24 PORTE + RIPETITORE SEGNALE,580,
,,04/01/2024,,RINNOVO AUTOMATICO,REGISTRAZIONE DOMINIO ( HOSTING + POSTA ) MAVE-SRL.COM + GRUPPOMACOSPA .COM,,
,,11/01/2024,,RINNOVO AUTOMATICO,AUMENTO SPAZIO da 1GB A 5 GB SU MAIL amministrazione@gruppomaco.com,10 anno,
,,12/01/2024,,RINNOVO AUTOMATICO,AUMENTO SPAZIO da 1GB A 5 GB SU MAIL commerciale@gruppomaco.com - amministrazione@mave-srl.com - ing.nesuraca@mave-srl.com,30 anno,
,,01/01/2025,,RINNOVO AUTOMATICO,AUMENTO SPAZIO da 1GB A 5 GB SU MAIL francesco.dimaggio@gruppomaco.com,10 anno,
,127-43610,06/01/2025,06/01/2030,60 M,"CENTRALINO P520 (EX OMZ) + N.5 TEL.T43O + N.5 HP PROTOWER 400 G9 + N.2 HP WORKSTATION Z2 G9 + N.7 OFFICE STANDARD 2024 + N.7 PANDA ANTIVIRUS + N.10 MONITOR 27"" + UBIQUITI FIREWALL + UBIQUITY SWITCH 24 PORTE POE + NAS SYNOLOGY DS224 PLUS + N.2 DISCHI 2TB + HP PLOTTER DESIGNJET T630 + XEROX C7125 V_S + IPHONE 16 PRO 128GB",445,
,,06/01/2025,,RINNOVO AUTOMATICO,AUMENTO SPAZIO da 5GB A 10 GB SU MAIL commerciale@gruppomaco.com + AUMENTO SPAZIO da 5GB A 10 GB SU MAIL amministrazione@gruppomaco.com,20 ANNO,
,,06/01/2025,,,CREAZIONE N.2 CASELLE MAIL : nigel.carchi@gruppomaco.com - alessio.magni@mave-srl.com,,
,127-43149,07/01/2025,07/01/2030,60 M,SAMSUNG GALAXY S25 PLUS 512GB NAVY,23,
,,02/01/2022,,VENDITA,XEROX C7025 USATA (EX SAM),,
,,11/01/2021,,VENDITA,"TV SAMSUNG 65""",,
,14040998,09/01/2022,09/01/2027,60 M,EPSON C879+ C579 +XEROX B600 VECCHIO CONTRATTO,370,
,A1C23481,29/10/2020,01/01/2026,60 M,ENTERPRICE WF-C17590 + XEROX VL C7025(vecchio contratto) + EPSON C869(USATA),435,
,,11/01/2024,31/10/2025,12 MESI,XEROX 7120 USATA,22.38,
,,01/01/2022,31/12/2026,"60 M (PRIMI 24 MESI € 99,00 - SUCCUSSIVI 36 M € 55,00)",EPSON C579,"56,10 - 60 M (PRIMI 24 MESI € 99,00 - SUCCUSSIVI 36 M € 56,10)",
,,10/01/2023,10/01/2028,60 M,XEROX VERSALINC C405 PP,50,
,,07/10/2020,10/01/2025,60 M,HP PROBOOK 450 G7 + HP PRODESK 400 G6 MT + N.2 OFFICE + panda,45,
,A1F22401,13/06/2024,07/01/2029,60 M,EPSON C579,59,
,,,,,COLLABORAZIONE,,
,,,,,COLLABORAZIONE,,
,,13/10/2021,01/01/2027,60 M,EPSON C878 + muletto 6605 usata,115,
,,10/06/2021,11/01/2026,60 M,N.8 EPSON C579,305,
,A1F77672,26/02/2025,03/01/2030,60 M,N.8 EM-C 800,250,
,,07/01/2024,,60 M,EPSON C579 USATA,59,
,,05/10/2021,06/01/2026,60 M,"MAC BOOK PRO 16"" ARGENTO",50,
,14200856,18/11/2024,12/01/2029,60 M,CENTRALINO YEASTAR P520 + SCHEDA +N.2 TEL T43U + N.2 CORDLESS W73P + LICENZA LINKUSS 1Y,35,
,,03/08/2022,04/01/2027,60 M,XEROX ALTALINK C8155 + OFFICE FINISHER + BOOKLET MAKER + EPSON C579,400,
,,23/12/2019,01/01/2025,60 M,XEROX C7025V_S + FAX,155,
,,23/12/2019,01/01/2025,60 M,HP M507DN,TANDEM,
,A1F16390,29/05/2024,06/01/2029,60 m,"EPSON C878 + N.6 EPSON C529 + N.6 EPSON C579 (2 A GRIGNO) - portato via 1 579 consegnata 1 c878 USATA----(di fatto hanno: 2 c 878 - 1 usata- 2 c 579 a grigno e 3 c 579 a milano, e 6 529 a milano)",800,
,,07/01/2023,30/06/2028,60 m,EPSON C878 + STAND + 	2° cassetto 500 fogli (CONSEGNATA A GRIGNO),75,
,,,,*,SWITCH,,
,,,,,N.3 PISTOLE TERMOSCANNER,,vendita
,,14/12/2020,01/01/2026,60 M,IPHONE 12 PRO MAX 256GB(1 pixma canon per figlio),35,
,,05/01/2021,,,N.2 HP SWITCH 1820 24P,400 CAD,
,,28/05/2021,07/01/2026,60 M,SERVER HP DL380 G7 USATO + SISTEMA OPERATIVO + 5 CALL + SOFTWARE TSPLUS,100,
,,13/01/2022,01/01/2027,60 M,N.2 IPHONE 13 PRO MAX 128GB,50,
,,15/06/2022,07/01/2027,60 M,EPSON C579 + IPHONE 13 PRO 128 GB,65,
,,03/01/2023,04/01/2028,60 M,VECCHIO CONTRATTO (11 TELEFONI D725 - 1 TASTIERA D7 - CENTRALINO YEASTAR S50 - 2 ISDN BRI - MIKROTIK SWITCH 24 PORTE POE - MIKROTIK ROUTER )+ N.3 SURFACE LAPTOP 5 + 3 OFFICE + PANDA,240,
,,26/05/2023,07/01/2028,60 M,IPHONE 14 PRO 256GB,30,
,,07/01/2023,,annuale con rinnovo automatico,N.7 CASELLE MAIL,280 ANNO,
,,07/01/2023,,,MIGRAZIONE DOMINIO MILANOCOLOR.COM,*,
,,27/09/2023,10/01/2028,60 M,EPSON ENERPRISE AM-C4000,150,
,,28/02/2024,04/01/2029,60 M,N.2 PC HP 290 G9 SFF + N.2 PC PRO TOWER 290 G9 + N.4 OFFICE + XEROX C415 + N.2 EPSON C5790 USATE VECCHIO CONTRATTO,200,
,,01/01/2023,,RINNOVO ANNUALE,AUMENTO SPAZIO GIGAMAIL A 5GB (cristian ambrosecchia),50 anno,
,,03/08/2024,04/01/2029,60 M,N. 2 PAPERTABLET REMARKABLE 2 + PENNINO + CUSTODIA,30,
,14196135,18/10/2024,11/01/2029,60 M,SURFACE LAPTOP 6,40,
,A1F47314,10/10/2024,01/01/2030,60 M,2 IPHONE 16 PRO 128GB + IPHONE 16 PRO MAX 256GB,90,
,14214306,28/12/2024,01/01/2030,60 M,IPAD AIR WIFI + CELL 256GB + RECSAFE,30,
,,,,*,SWITCH,,
,,,,,N.3 PISTOLE TERMOSCANNER,,vendita
,,13/09/2023,10/01/2028,60 M,EPSON C878,85,
,,08/01/2023,31/07/2028,60 M,N.2 IPHONE 14 PRO 128GB (SILVER + DEEP PURPLE) + N.2 APPLE WATCH ULTRA (GIALLO/BEIGE),140,
,,04/01/2022,31/03/2027,60 M,"MAC BOOK PRO 14"" + OFFICE + ESTENSIONE",50,
,,08/01/2021,31/07/2026,60 M,MAC BOOK AIR 13 + ESTENSIONE,20,
,A1F57938,29/10/2024,11/01/2029,60 M,CENTRALINO YEASTAR P520 + N.2 TEL T44U + N.3 CORDLESS W73P,50,
,,05/11/2021,07/01/2026,60M,HP PROBOOK 250 G8 + OFFICE,25,
,,25/09/2023,10/01/2028,60M,HP PROBOOK 450 G10 + OFFICE + FRITZ BOX,30,
,,07/01/2022,07/01/2027,60 M,"EPSON C579 + PC HP 400 G7 + MONITOR 24"" + OFFICE + N.2 IPAD PRO 11 128GB + IPHONE 13 PRO 128GB + IPHONE 13 PRO MAX 256GB",270,
,12742884,04/01/2025,04/01/2030,60 M,"EPSON EM-C800 + IPHONE 16 PRO 256 NERO + IPHONE 16 PRO MAX 256 TITANO SABBIA + RECKSAFE (PC HP 400 G7 + MONITOR 24"" + OFFICE + N.2 IPAD PRO 11 128GB VECCHIO CONTRATTO)",280,
,,30/10/2023,11/01/2028,60 M,HP SERVER ML30 G10 PLUS + SISTEMA OPERATIVO + ARMADIO RACK + SWITCH 24 PORTE + GRUPPO CONTINUITA' + ACCESSORI - ROUTER UANIA + LICENZA,400,
,,24/01/2023,31/12/2027,60 M,"XEROX C7025 USATA + IMAC 24"" + ESTENSIONE + HP PC + SCHEDA GRAFICA 2GB + OFFICE + ADOBE SUITE + (NOTEBOOK ACER + OFFICE NON IN DDT CON LA FINANZIARIA)",230,
,,18/06/2021,07/01/2026,60 M,CENTRALINO S20 + 2 CORDLESS + 2 TELEFONI FISSI + CONTRATTO ASSISTENZA DURATA NOLEGGIO + LICENZA LINKUS SOLO PRIMO ANNO,59,
,,01/01/2023,01/01/2028,60 M,N.4 EPSON C579,170,
,,24/10/2023,11/01/2028,60 M,"EPSON C579 + N.6 NOTEBOOK DELL + OFFICE +ACCESS POINT + SWITCH 8 PORTE + CENTRALINO YESTAR S20 + TELEFONO FISSO + N.5 CORDLESS + TV 50"" + STAFFA + 1 SCRIVANIA RECEPTION + N.2 SEDIE RECEPTION + 1 DIVANETTO + N.4 POLTRONE + N.6 TAVOLINI PORTA PC + N.6 SEDIE",310,
,,21/11/2022,01/01/2028,60 M,XEROX C7125V_S NO FAX,140,
,12743009,04/01/2025,04/01/2030,60 M,"HP PC PROTOWER 400 G9 + MONITOR 22""",30,
,12742859,04/01/2025,04/01/2030,60 M,HP SERVER PROLIANT ML110 G11 ( 64GB RAM + DOPPIO ALIMENTATORE + 3 HD 960 GB + WINDOWS SERVER STANDARD 2022) + CENTRALINO + 3 TELEFONI + 1 CORDLESS + SYNOLOGY + NAS + 2 HD 4TB + FIREWALL UBIQUITY + CRM,300,
,127-43241,07/01/2025,07/01/2030,60 M,"N.2 HP PROONE 440 G9 23.8"" AIO + OFFICE STANDARD 2024 + PANDA + ESTENSIONE",55,
,,10/01/2025,,60M,N.2 IPHONE 17 PRO MAX 256GB (NERO/ARANCIO) + RECSAFE +N.1 AIR PODS 3,75,
,,18/05/2020,07/01/2025,60 M,CENTRALINO VOIP + FIREWALL + RISPONDITORE + ADATTATORE + LICENZA MOBILE + N.2 CELLE IP DECT + N.6 PORTATILI DECT + N.2 TELEFONI PO + N.7 TELEFONI IP,170,
,,,,,N.1 PISTOLA TERMOSCANNER,,vendita
,,,,,VIDEO CITOFONO SKYLINE,,vendita
,A1C62420,03/09/2021,04/01/2026,60 M,N.4 EPSON C878 + N.2 EPSON C579 + DISTRUGGI DOCUMENTI,289,
,A1F88444,14/04/2025,05/01/2030,60 M,"N.4 EPSON C879 2 CASSETTI + N.3 C800 + CENTRALINO + LICENZA LINKUS 5Y + N.2 TEL V64 + N.5 TEL V65 + VIDEOCITOFONO + MONITOR 7"" MAGAZZINO X CITOFONO + SIRENA MAGAZZINO + N.2 ALTOPARLANTI ( 1 VECCHIO CONTRATTO)",635,
,,,,,N.1 PISTOLA TERMOSCANNER,,vendita
,,,,,VIDEO CITOFONO SKYLINE,,vendita
,,28/01/2022,02/01/2027,60 M,XEROX VERSALINK C7025,105,
,A1C70931,24/03/2021,04/01/2026,60 M,N.2 C878 ( 1 SEDE CORNEGLIANO + 1 PIEVE FISSIRAGA),200,
,,,,,"N.2 HP PRODESK 400 G7 + N.5 MONITOR HP 27"" + N.1 MONITOR ACER 27"" + N.2 OFFICE H&B 2019 + N.3 WEBCAM (OMAGGIO)",VENDITA,vendita
,A1E09684,24/11/2022,01/01/2028,60 M,HP WORKSTATION Z2 + OFFICE + N.2 LICENZE AUTOCAD LTE + HP PLOTTER T630 + N.5 KIT CARTUCCE + ARMADIO RACK + N.2 CENTRALINI + 1 TEL.FISSO + N.7 CORDLESS + SWITCH,335,
,A1E95547,01/11/2024,04/01/2029,60 M,DELL NOTEBOOK WORKSTATION PRECISION 3480 + OFFICE H&B 2021,40,
,A1F05120,21/02/2024,04/01/2029,60 M,"HP PC 450 G9 + MONITOR 22"" + OFFICE (N.2 MERAKI Z3 + LICENZA 3 ANNI + SWITCH 8 PORTE + HP MONITOR 27"" materiali vecchio contratto)",65,
,A1F44360,28/08/2024,10/01/2029,60 M,N.2 NOTEBOOK ACER + ESTENSIONE,60,
,,10/01/2024,30/09/2029,60 M,NAS SYNOLOGY COMPLETO N.2 HD 21TB + 1TB BACK UP IN CLOUD,25,
,A1F51483,10/03/2024,01/01/2030,60 M,DELL WORKSTATION PRECISIO 3460 SFF,35,
,A1G05430,23/06/2025,07/01/2030,60 M,EPSON C879 CORNEGLIANO + EPSON C878 PIEVE,220,
,,,,,"N.2 HP PRODESK 400 G7 + N.5 MONITOR HP 27"" + N.1 MONITOR ACER 27"" + N.2 OFFICE H&B 2019 + N.3 WEBCAM (OMAGGIO)",VENDITA,vendita
,,,,,centralino telefonico Panasonic Ncp1000. con circa 40 utenti,,
,,,,,centralino telefonico Panasonic Ncp1000. con circa 40 utenti,,
,,,,,IMPLEMENTAZIONE CROSSBORDER,VENDITA,vendita
,,,,,IMPLEMENTAZIONE CROSSBORDER,VENDITA,vendita
,,04/01/2025,31/03/2030,60 M,EPSON C878 USATA ( EX CIBAS ),35,
,,12/01/2023,30/11/2028,60 M,EPSON C869 USATA,35.7,
,,06/01/2021,31/05/2026,60 M,HP WORKSTATION Z2 TOWER G5,40,
,,03/01/2022,28/02/2027,60 M,HP NOTEBOOK LAPTOP 15S + OFFICE,25,
,,04/11/2024,07/01/2029,60 M,"HP SERVER ML350 G11 ( RAM 64GB + 4 HD 960 GB + 2 ALIMENTATORI + WINDOWS SERVER 2022 + 10 CALL + GARANZIA 60 M) + UBIQUITY FIREWALL + UBIQUITY SWITCH 24 PORTE + N.7 HP PC 290 G9 ( I5 8GB SSD 256 ) + N.8 MONITOR LG 24"" + HP PROBOOK 450 G10 ( I5 8GB SSD 256) + 8 OFFICE H&B 2021 + N.9 PANDA ANTIVIRUS + ASSISTENZA",340,
,,21/04/2023,05/01/2028,60 M,HP SERVER RACK DL 360 G10 (RAM 32GB + N.4 HD 1.2TB + N.2 ALIMENTATORI + N.2 WINDOWS SERVER STANDARD 2022 + 30 CALL + VMVARE + ESTENSIONE 60 M) + GRUPPO DI CONTINUITA' UPS 2200 VA + NAS SYNOLOGY COMPLETO DI 2 HD DA 4 TB + FIREWALL UBIQUITY + 3 ACCESS POINT UBIQUITY + ARMADIA RACK + BACK UP IN CLOUD 1TB,300,
,,05/08/2023,,,HP SERVER PROLIANT ML110 G10 ( N.2 HD 1TB + ESTENSIONE 36m + WINDOWS SERVER STANDARD 2019 + SQL2019),,
,,06/01/2023,,12 MESI RINNOVO AUTOMATICO,N.0 LICENZE AUTOCAD LT (15/04/2024 arrivata mail di non rinnovare autocad) + N.3 LICENZE ACROBAT PRO + N.29 LICENZE ACROBAT STANDARD + N.1 LICENZA ADOBE INDESIGN + N.26 LICENZE MICROSOFT PROJECT + N.5 LICENZE PHOTOSHOP + 1 LICENZA ILLUSTRATOR (0 LICENZE AUTOCAD VIEWER + 13 ADOBE VIEWER GRATUITE) + N.47 LICENZA OFFICE 365,1846.65,
,,05/01/2023,,,N.4 LICENZE PANDA ANTIVIRUS + N.7 LUGLIO 2023 + N.5 AGOSTO + N.1 SETTEMBRE + N.6 NOVEMBRE 2023 + N.10 DCEMBRE  + N.1 GENNAIO 2024 + N.5 GENNAIO 2024 + N.1 GENNAIO 2024 + N.4 FEBBRAIO 2024 + 2 NOVEMBRE 2024 + 1 FEBBRAIO 2025 (TOTALE N.50),VENDITA,
,,06/01/2023,,,N.20 LICENZE UPGR WINDOWS 11PRO,VENDITA,
,,10/01/2024,30/09/2029,60 M,BACK UP IN CLOUD 2TB AGGIUNTIVI,30,
,,19/03/2024,04/01/2029,60 M,"SERVER SYNETO HYPER 1147, + 2 SERVER SYNETO HYPER 2125 + ESTENSIONE",1000,
,14061979,01/01/2023,02/01/2026,36 M,EPSON C879 + N.5 EPSON C579 (LASCIATA N.1 MACCHINA VECCHIA COME MULETTO),320,
,,10/01/2024,02/01/2026,,AUMENTO COPIE COLORE VOSTRO ATTUALE CONTRATTO,20,
,14157626,23/04/2024,05/01/2029,60 M,"HP NOTEBOOK 250 G10 + MONITOR DELL 24""estensione",30,
,14172241,07/03/2024,07/01/2029,60 M,"HP NOTEBOOK 250 G10 + MONITOR DELL 24""+estensine",30,
,14224467,25/02/2025,03/01/2030,60 M,N.2 HP NOTEBOOK 250 G10 + estensione,50,
,14238122,24/04/2025,05/01/2030,60 M,"HP NOTEBOOK 250 G10 + MONITOR DELL 24""",30,
,14251130,21/07/2025,08/01/2030,60 M,"N 3 HP NOTEBOOK 250 G 10 + N 3 DELL MONITOR 24""",90,
,14252703,11/01/2025,,36 M,EPSON EM-C8100 + N.6 EPSON EM-C800 + MULETTO,450,
,,04/01/2022,,,NOTEBOOK DELL VOSTRO 3510,VENDITA,
,,07/04/2022,07/01/2027,60 M,"EPSON C579 + 5690 + IMAC 24"" VERDE + HP PROBOOK 450 G8 + N.3 MONITOR 21,5"" (1 A SETTIMO TORINESE) + GRUPPO CONTINUITA' (SETTIMO TORINESE)",310,
,,15/12/2022,01/01/2028,60 M,AS400,310,
,,,,,INSTALLAZIONE PER CONTO DI EPSON,,
,,,,,INSTALLAZIONE PER CONTO DI EPSON,,
,,23/02/2022,03/01/2027,60 M,EPSON C878 + C579 CONSEGNATA A BOLZANO C/O DHL EXPRESS,120,
,,20/07/2023,10/01/2028,60 M,N.5 HP PROTOWER 400 G9,75,
,,,,*,TOTEM TERMOGRAFICO,*,vendita
,,04/01/2022,04/01/2027,60 M,EPSON C878 - CORSO SEMPIONE 270 20028 SAN VITTORE OLONA (VA),98,
,,01/01/2023,01/01/2028,60 M,N.2 EPSON C579,200,
,,12/01/2022,,12 M RINNOVO AUTOMATICO,N.18 LICENZE MICROSOFT 365 BUSINESS STANDARD,2592 anno,
,,,,,IN DATA 12/03/2025 ARRIVATA MAIL X DISDETTA SEGUENTE CASELLA: katiaz,,
,,04/01/2023,,12 M RINNOVO AUTOMATICO,N.1 LICENZE MICROSOFT 365 BUSINESS STANDARD (domenico@rem…),144 ANNO,
,,12/01/2022,,12 M RINNOVO AUTOMATICO,N.9 CASELLE EXCHANGE ONLINE,648 ANNO,
,,07/01/2023,,12 M RINNOVO AUTOMATICO,AUMENTO SPAZIO CASELLA MAIL DA 50 GB A 100 GB LOGISTICA@REMECOLOGIA.IT,90,
,,01/01/2024,,12 M RINNOVO AUTOMATICO,N.2 LICENZE MICROSOFT 365 BUSINESS STANDARD (domenico@rem…),288 anno,
,,01/01/2024,,12 M RINNOVO AUTOMATICO,N.1 LICENZE MICROSOFT 365 BUSINESS STANDARD (domenico@rem…),144 ANNO CAD,
,,04/01/2024,,12 M RINNOVO AUTOMATICO,N.1 LICENZE MICROSOFT 365 BUSINESS STANDARD (stefania@rem…),144 ANNO CAD,
,,05/01/2024,,12 M RINNOVO AUTOMATICO,N.1 LICENZE MICROSOFT 365 BUSINESS STANDARD (a.cattaneo@rem…),144 ANNO CAD,
,,07/01/2024,07/01/2029,60 M,EPSON C878 (2 CASSETTI + STAND) + HP LASERJET M507DN +  (YEASTAR CENTRALINO + N.2 TELEFONI FISSI SNOM D712 + N.1 CORDLESS vecchio contratto),330,
,,07/01/2024,07/01/2029,60 M,XEROX C400,*,
,,01/01/2025,,12 M RINNOVO AUTOMATICO,N.1 LICENZE MICROSOFT 365 BUSINESS STANDARD (r.leoni@rem…),144 ANNO CAD,
,,02/01/2025,,12 M RINNOVO AUTOMATICO,N.1 LICENZE MICROSOFT 365 BUSINESS STANDARD (prenotazioni@rem…),144 ANNO CAD,
,,05/01/2025,,12 M RINNOVO AUTOMATICO,N.1 LICENZE MICROSOFT 365 BUSINESS STANDARD (m.pertuolo@rem…),144 ANNO CAD,
,,09/01/2025,,12 M RINNOVO AUTOMATICO,N.1 LICENZE MICROSOFT 365 BUSINESS STANDARD (l.gerosa@rem…),144 ANNO CAD,
,,,,*,TOTEM TERMOGRAFICO,*,vendita
,,,,,IN DATA 12/03/2025 ARRIVATA MAIL X DISDETTA SEGUENTE CASELLA: katiaz,,
,,08/01/2021,31/07/2026,60 M,"N.5 IMAC 21,5"" + ESTENSIONE + MACBOOK AIR 13,3"" + ESTENSIONE + N.2 IPHONE 12 PRO 128GB (RESTITUITO N.1 GUASTO SOSTITUITO CON IPHONE 13 PRO USATO)   + ESTENSIONE + N.2 XEROX (7830 CORSICO+7225ASSAGO[USATE - assago mai consegnata]) FINANZIATO CON HP + CENTRALINO IN CLOUD 50% + N.5 TELEFONI T42 + N.2 T46 + N.2 APP LINKUS (MATERIALE CORSICO-ASSAGO)+FINANZIAMENTO INTERNO",450,
,,12/01/2020,01/01/2026,60 M,"IPAD PRO 12.9"" 2020 + MAGIC KEIBOARD + APPLE CARE - (HP DJ2720 IN OMAGGIO A SONIA OK FABIO)",45,
,,01/01/2023,02/01/2028,60 M,EPSON C878,150,
,,18/01/2021,04/01/2026,60 M,CENTRALINO S20 + MODULO B2 + MODULO S2 + N.6 TELEFONI T42S + TELEFONO T46U + GIGASET AS690 + SWITCH 24 PORTE POE + ARMADIO REC + OFFICE + ASSISTENZA CENTRALINO PER TUTTA LA DURATA DEL NOLEGGIO,98,
,,23/02/2021,04/01/2026,60 M,HP SERVER PROLIANT DL20G10 (RAM 32GB-  N.3 HD 1TB -  N.2 ALIMENTATORI - DVD -  WINDOWS SERVER STANDARD 2019 + 10 CALL GARANZIA 60 MESI) cisco meraki z3 + licenza 5 anni,120,
,,07/07/2021,10/01/2026,60 M,EPSON C878 + WIFI EXTENDER,70,
,,27/09/2022,10/01/2027,60 M,EPSON C529,20,
,A1F88796,16/04/2025,07/01/2030,60 M,EPSON C879 2 CASSETTI + EPSON C800 + XEROX B410 + DISTRUGGIDOCUMENTI,197,
,,30/12/2022,11/01/2027,60 M,c 579(usata) insostituz di 5690 usata vecchio ctr,35,
,,17/02/2022,31/01/2027,60 M,N.2 IPHONE 13 PRO 128GB + N.2 AIRPODS 3°GEN. (MATERIALI NUOVI) + CENTRALINO + N.7 TELEFONI + PC + MONITOR + OFFICE (VECCHIO CONTRATTO),195,
,,29/11/2019,07/01/2026,78 M ,XEROX C 405 + SERVER ML110G10 +RAM 32GB + N.3 HD 600 GB + DVD + DOPPIO ALIMENTATORE + ESSENTIAL 2019 + SISTEMA OPERATIVO + 1 SAMSUNG S10E 128GB + 1 IPHONE 11 PRO 256 GB + (N.2 IPHONE 8 + N. 1 I PAD lasciati dal vecchio noleggio  non segnati sul DDT) - N.1 PC HP800 G5 SFF (I5 8GB 256GB WIN 10) + PC HP 600 G3  (I5 8GB 256GB WIN 10) + 2 OFFICE,317.13,
,,01/01/2021,,,SERVIZI INTERNET,100 ANNO,
,,18/03/2021,10/01/2026,66 M,EPSON ENTERPRICE WF-C20750 + 2 UPS (DOMINIO + ASUS ZENBOOK UX433 +  2 UPS+ 1 IPHONE + 1GALAXY NOTE + EPSON C579  + NAS+ 2 HD 2 TB + SWITCH + TELEFONI + N.9 PC + 10 OFFICE + 9 MONITOR + 10 ANTIVIRUS ) BENI USATI RIPORTATI DAI VECCHI NOLEGGI,850,
,,21/09/2023,10/01/2028,60 M,CENTRALINO YEASTAR S20 + CHEDA GESTIONE LINEA ISDN FASTWEB + N.2 CORDLESS + 1 TELEFONO - ASSISTENZA CENTRALINO PER TUTTA LA DURATA DEL NOLEGGIO,50,
,,29/11/2019,07/01/2026,78 M ,XEROX C 405 + SERVER ML110G10 +RAM 32GB + N.3 HD 600 GB + DVD + DOPPIO ALIMENTATORE + ESSENTIAL 2019 + SISTEMA OPERATIVO + 1 SAMSUNG S10E 128GB + 1 IPHONE 11 PRO 256 GB + (N.2 IPHONE 8 + N. 1 I PAD lasciati dal vecchio noleggio  non segnati sul DDT) - N.1 PC HP800 G5 SFF (I5 8GB 256GB WIN 10) + PC HP 600 G3  (I5 8GB 256GB WIN 10) + 2 OFFICE,317.13,
,12732534,04/01/2022,04/01/2027,60 M,"EPSON C878 + N.2 PC HP 400 G7 +2 MONITOR 21,5"" + 2 OFFICE +(IPHONE 13 PRO MAX 256GB + ESENSIONE chiuso ottobre 2024)",173.68,
,127-44128,10/01/2025,10/01/2030,60 m,"epson  workforce c 879 + ( N.2 PC HP 400 G7 +2 MONITOR 21,5"" + 2 OFFICE vecchio ctr)",300,
,A1F51460,10/03/2024,01/01/2030,60 M,IPHONE 16 PRO MAX NERO 1TB + RACK SAFE,50,
,,15/07/2020,10/01/2025,60 M,"APPLE IMAC PRO AIO (INTEL XEON 32GB + 1TB SSD + MONITOR 27"" + VIDEORADEON PRO VEGA 56)",105,
,,04/01/2022,,,N.4 CUFFIE CS540 + N.3 CUFFIE DW30,VENDITA,
,,05/01/2022,,,IPHONE 13 256 GB + N.3 IPHONE 13 PRO 256 GB,VENDITA,
,A1F29424,19/06/2024,07/01/2029,60 M,EPSON C878 + EPSON M5399 + IPHONE 15 PROMAX 256GB + SAMSUNG GALAXY S24 ULTRA 256GB + N.4 TELEFONI + 1 CORDLESS + CENTRALINO YEASTAR S20 VECCHIO CONTRATTO,210,
,A1C08597,09/10/2020,10/01/2025,60 M,CENTRALINO YESTAR S20 + MODULE O2 + MODULE S2 + N.7 TELEFONI T40G + ALIMENTATORI + CORDLESS AS690,59,
,A1G07060,09/04/2025,10/01/2030,60 M,CENTRALINO YESTAR P 520 + N.7 TEL. T43U YEALINK,55,
,,07/07/2020,08/01/2025,60 M,N.3 EPSON C579,110,
,127-44212,08/01/2025,08/01/2030,60 M,EPSON EM-C800 + EPSON C579 (VECCHIO CONTRATTO s/n X576006001),60,
,,17/05/2024,07/01/2029,60 M,XEROX C7025,90,
,771611,29/12/2021,01/01/2027,60 M,EPSON C579 + INEO 308 (EX OCEANICA),90,
,,09/01/2022,,12 M RINNOVO AUTOMATICO,C 405 USATA,55.96,
,,01/01/2023,01/01/2028,60 M,XEROX C405 (USATA) LEGNANO,90,
,,01/01/2023,01/01/2028,60 M,XEROX C7025 + FAX (USATA) TORINO,*,
,,10/01/2020,10/01/2025,60 M,WORKCENTRE C7025  - IN USO A BRESCIA,95,
,,17/03/2021,04/01/2026,60 M,"MACBOOK PRO 13"" + APPLE CARE",55,
,,23/10/2021,01/01/2027,60 M,XEROX C7025 V_T + FAX + PS3 + N.6 SURFACE GO2LTE + TYPE COVER,320,
,,25/02/2022,04/01/2027,60 M,N.2 MICROSOFT SURFACE GO2LTE + TASTIERA + ESTENSIONE,40,
,,26/09/2022,10/01/2027,60 M,MICROSOFT SURFACE GO2LTE + TASTIERA,40,
,,11/10/2022,01/01/2028,60 M,MICROSOFT SURFACE GO2LTE + TASTIERA,40,
,,29/11/2022,01/01/2027,48 M,IPAD PRO 11 512GB (APPLE PENCIL + MAGIC KAIBOARD) + IPHONE 14 PRO 256GB + APPLE CARE,105,
,,29/09/2023,10/01/2028,60 M,XEROX C405 + STAND,85,
,,24/11/2023,01/01/2029,60 M,N. 3 MICROSOFT SURFACE GO2LTE + TASTIERA,60,
,,08/01/2025,01/01/2029,60 M,EPSON C579 DOPPIO CASSETTO + IPHONE 15 PRO 256GB + REX SAFE + HP NOTEBOOK 250 G9 + SAMSUNG GALAXY ZFLIP 5 256GB + N.2 ANTENNE WIFI,130,
,,02/09/2024,04/01/2029,60 M,N.2 EPSON C878 (NUOVA + USATA),139,
,14200832,18/11/2024,12/01/2029,60 M,CENTRALINO YEASTAR P520 + SCHEDA +N.2 TEL T43U + N.1 CORDLESS W73P,30,
,,10/07/2021,10/01/2026,60 M,EPSON C878 ( SI LASCIA MULETTO A4 XEROX 6605),60,
,,04/01/2024,31/03/2029,60 M,EPSON C878 + EPSON C579,115,
,,31/05/2023,07/01/2028,60 M,CENTRALINO S20 + TELEFONO POST OPERATORE + CUFFIA + N.6 CORDLESS,50,
,,,01/01/2027,,EPSON C878,99,
,,09/09/2022,10/01/2027,,"HP PLOTTER DESIGNJET T630 36"" + ESTENSIONE + N.5 KIT CARTUCCE",90,
,,06/01/2023,06/01/2028,,EPSON C878,90,
,,03/01/2022,04/01/2027,60 mesi,2 epson c 878,150,
,,08/01/2021,31/07/2025,48 M,HP ELITEBOOK 855 G7 + HP DOKING,35,
,,10/01/2024,30/09/2025,12 M,EPSON C579 RIGENERATA,25,
,,01/01/2020,,12 MESI RINNOVO AUTOMATICO,CONTRATTO DI MANUTENZIONE TELEFONIA,56,
,A1C68383,17/03/2021,04/01/2026,60M,EPSON PRO  WF-C878,90,
,,03/04/2022,04/01/2027,60M,CENTRALINO + N.9 TELEFONI + N.16 INTERNI,90,
,,18/01/2023,04/01/2028,60M,EPSON C529,42,
,,04/04/2023,07/01/2028,60M,EPSON C529,42,
,,10/11/2023,01/01/2029,60M,EPSON C529 + C579,107,
,,26/05/2020,07/01/2025,60 M,EPSON C579,50,
,,07/01/2025,30/06/2026,12 m,EPSON C579 usata vecchio ctr,30,
,,01/01/2024,01/01/2029,60 M,APPLE IPHONE 15 PRO 128 GB BLU TITANIO + APPLE CARE PLUS FURTO E SMARRIMENTO,40,
,A1F28482,25/06/2024,07/01/2029,60 M,HP SERVER PROLIANT ML350 G10 + FIREWALL UBIQUITY + UPS 220 VA + NAS SYNOLOGY + N.5 HD 4TB + ACCESS POINT + SWITCH 16 PORTE POE + N.9 HP PC PRO SFF290 G9 + MONITOR + OFFICE + ANTIVIRUS (di cui n.3 presso FISIOMEDICAL CENTER a Rozzano),425,
,,21/10/2020,01/01/2026,60 mesi,"1 c 7025, 1 6605 , 1 meraky mx 64 + licenza 5 anni, meraky mr18 + licenza 5 anni",280,
,A1D85111,26/07/2022,10/01/2025,36 M,HP WORKSTATION Z2 TOWER G9 (WIN 10) - LASCIATA AL CLIENTE,65,
,A1E03109,11/02/2022,01/01/2028,60 M,CENTRALINO YEASTAR S20 + SCHEDA S2 + SCHEDA O2 + CITOFONO FANVILLE + N.5 GIGASET AS690 + SWITCH 16 PORTE POE,50,
,14169449,07/01/2024,09/01/2027,36 M,N.3 HP WORKSTATION Z2 MINI G9 + HP PROBOOK 450 G10,250,
,A1F95361,14/05/2025,07/01/2030,60 M,EPSON C878 + HP SERVER ML350 G10 (USATO) + FIREWALL  UBYQUITY,280,
,,07/05/2022,10/01/2026,48 M,HP WORKSTATION ZBOOK FURY 15 G8,80,
,,01/01/2022,31/12/2026,60 M,N.2 EPSON C878 COMPLETE DI N.4 CASSETTI,340,
,,02/01/2023,31/01/2028,60 M,EPSON C579 RIGENERATA,30,
,,21/03/2022,04/01/2027,60 M,XEROX ALTALINK C8055+FINITORE,89,
,,08/02/2022,10/01/2027,60 M,"HP WORKSTATION Z1G9 + MONITOR 32"" + MONITOR 21,5""",60,
,,24/11/2023,01/01/2029,60 M,"HP PLOTTER DESIGN JET STUDIO 24"" COMPLETO DI N.5 KIT NERO + COLORI",95,
,A1F52031,17/10/2024,01/01/2030,60 M,"HP WORKSTATION Z2 G9 + MONITOR 27"" + (PLOTTERDESIGNJET T1700 vecchio contratto)",115,
,,25/10/2021,01/01/2027,60 M,EPSON C878,70,
,,16/09/2022,10/01/2027,60 M,HP PLOTTER DESIGNJET T630 + ESTENSIONE 60 M + N.5 KIT CARTUCCE,95,
,,16/09/2021,10/01/2026,60 M,CENTRALINO + SCHEDE + TELEFONO + ASSISTENZA,39,
,,17/11/2023,01/01/2029,60 M,ARMADIO RACK COMPLETO DI ACCESSORI,30,
,,25/08/2022,10/01/2027,60 M,N.3 PC HP ELITEDESK 800G8 TOWER,68,
,,24/11/2023,01/01/2029,60 M,NOTEBOOK MSI CREATOR Z17HX,50,
,14189959,27/09/2024,10/01/2029,60 M,XEROX C7025 USATA,50,
,,02/01/2020,,12 MESI RINNOVO AUTOMATICO,CONTRATTO DI MANUTENZIONE TELEFONIA,270,
,,26/06/2023,07/01/2028,60 M,EPSON ENTERPRISE AMC-4000 COMPLETA DI PINZATORE,250,
,,06/01/2023,,,N.2 EPSON M5299 + N.2 TONER,VENDITA,
,A1C37763,11/06/2020,01/01/2026,60 M,HP SERVER PROLIANT DL380 G10 (N.2 PROCESSORI + 64GB RAM + 4 HARD DISK 1.2 TB + N.2 HARD DISK 300GB + 2 ALIMENTATORI + SISTEMA OPERATIVO  WINDOWS SERVER STANDARD 2019),110,
,A1C37763,11/06/2020,01/01/2026,60 M,HP SERVER PROLIANT DL380 G10 (N.2 PROCESSORI + 64GB RAM + 4 HARD DISK 1.2 TB + N.2 HARD DISK 300GB + 2 ALIMENTATORI + SISTEMA OPERATIVO  WINDOWS SERVER STANDARD 2019),110,
,,05/01/2021,,,SYNOLOGY NAS DS220+ COMPLETO DI N.2 HARDDISK 3TB,,
,,06/01/2021,31/05/2026,60 M,BACK UP IN CLOUD 1 TB,50,
,A1D91323,15/09/2022,10/01/2027,60 M,EPSON C879 + PC DELL OPTIPLEX 3090 MT,175,
,14078520,03/01/2023,03/01/2026,36 M,"N.2 NOTEBOOK HP 250 G9 I5 + HP 250 G9 I7 (SARA' IN USO A CASA DALLA CEDRIN AL POSTO DEL DELL CHE SI CHIUDERA')+ MONITOR 22""",120,
,,03/01/2023,,,N.8 INDIRIZZI E-MAIL,1200 ANNO,
,,04/01/2023,,,N.1 INDIRIZZI E-MAIL 8simone.ronchegalli@...),150 anno,
,A1E30084,22/02/2023,04/01/2027,48 M,HP PRODESK 400 G9 (IN USO CEDRINI UFFICIO),*,
,A1E80709,11/08/2023,01/01/2029,60 M,APPLE IPAD PRO 11 WIFI+CELL 128GB + MAGIC KAYBOARD,35,
,,04/01/2023,,,DOMINIO STUDIO-FANTE.COM,300,
,,03/01/2024,,,ASSISTENZA ANNUALE CENTRALINO,250 ANNO,
,,04/01/2024,31/03/2025,12 MESI RINNOVO AUTOMATICO,CREAZIONE GESTIONE N.2 INDIRIZZI MAIL ( segreteria@studio-fante.com ; angela.logatto@studio-fante.com,300 anno ,
,A1F13515,27/03/2024,04/01/2029,60 M,HP NOTEBOOK 250 G9,35,
,,,,,HP LASERJET MFP M234DW,VENDITA,vendita
,,12/01/2024,,,ATTIVAZIONE N.2 NUOVI ACCOUNT giovanni.cherubini + riunioni,300 anno ,
,A1F65820,12/05/2024,01/01/2028,36 M,HP PROBOOK 440 G11,40,
,A1F69681,01/01/2025,01/01/2028,36 M,MICROSOFT SURFACE PRO 11 5GB + CUSTODIA + TASTIERA + PENNINO + ESTENSIONE,55,
,,05/01/2025,,12 MESI RINNOVO AUTOMATICO,LICENZA SICUREZZA MICROSOFT ENTRA IDP2 (85€ UT CARTELLA SHAREPOINT),110 ANNO,
,A1G22343,10/01/2025,,60 M,HP SERVER PROLIANT DL320 ( 64GB + N.6 SSD 480 GB + DOPPIO ALIMENTATORE + (SISTEMA OP WINDOWS SERVER STANDARD 2019 VECCHIO CONTRATTO) + ESTENSIONE HP),120,
,14260686,10/01/2025,,36 M,N.2 HP PROBOOK 460 G11 (ULTRA I5 16 256 ) + HP PROBOOK 460 G11 (ULTRA I7 16 512) + ESTENSIONE HP + N.2 PANDA,120,
,,10/01/2025,,12 M,CENTRALINO IN CLOUD + N.13 TEL + CORDLESS,141,
,,10/01/2025,,,DOMINIO + HOSTING www.fante.it,200 anno,
,,10/01/2025,,,DOMINIO + HOSTING www.fanteadvisory.eu,250 anno,
,,,,,REALIZZAZIONE VPN (MERAKI MX - 64 + ASSISTENZA E AGGIORNAMENTI CANONE ANNUALE),,
,,,,,HP LASERJET MFP M234DW,VENDITA,vendita
,,03/01/2017,,*,ASSISTENZA ANNUALE,315,
,A1F51650,10/04/2024,01/01/2030,60 M,CENTRALINO USATO + N.8 TELEFONI DI CUI 4 USATI + 1 CORDLESS,65,
,,10/01/2022,30/09/2027,60 M,EPSON C878 (VENDUTA),67.15,
,,29/09/2022,10/01/2027,,IPHONE 14 PRO 512 GB,35,
,A1F77509,21/02/2025,04/01/2031,72 M,"EPSON AM-C 4000 (completa di finitore + FAX ) + HP SERVER PROLIANT ML 110 G11( 3ssd 960 - 32gb ram - secondo limentatore - wimdows server standard 2022 + 5 call + estensione ) + IPHONE 16 PRO 512GB  + N.2 HP PROTOWER 290 G9 ( SSD 2TB) + N.2 MONITOR 24"" + SURFACE LAPTOP 6 + N.2 OFFICE H&B 2024 + N.10 PANDA ANTIVIRUS + NAS SYNOLOGY + N.3 HD 4 TB + 2 PC DELL 3910 + 2 OFFICE H&B 2021 ( ACQUISTATI DAL CLIENTE) + N.3 UPS OMAGGIO",355,
,,05/01/2025,,,N.2 DELL PC INSPIRON 3030 + OFFICE + PANDA + ESTENSIONE + NAS SYNOLOGY DS224 P COMPLETO 2HD 2TB,50,
,142 51 999,18/07/2025,08/01/2030,60 M,HP LASER JET ENTERPRICE M 507 DN (CF 289A TONER),110,
,,29/06/2021,01/01/2027,66 M,"EPSON C878 + N.2 HP PC 400 G7(OFFICE + SCHEDA VIDEO AGGIUNTIVA + ANTIVIRUS PANDA) + N.2 MONITOR 27"" + NAS SYNOLOGY DS220+ COMPLETO 2 HARD DISK 3TB + HP SWITCH 16 PORTE",188.4,
,,04/01/2022,31/03/2027,60 M,IPHONE 13 BLU 256 GB,20,
,,11/01/2022,31/10/2027,60 M,N.2 GALAXY S22 ULTRA 5G BLACK 128GB ( rotto 1 come da accordi con fabio si sostituisce con samsung galaxy 22 ultra ),40,
,,03/01/2023,28/02/2028,60 M,ACER AIO + OFFICE,30,
,,02/01/2023,03/01/2028,60 M,EPSON C878 + EPSON C579,195,
,,28/06/2023,07/01/2028,60 M,"EPSON C878 + 3 PC HP 400 G9 + OFFICE + 2 MONITOR 27"" + 1 MONITOR 21,5"" + MERAKI Z3 + LICENZA 5Y (MATERIALE NUOVO) + C7025 + HP SERVER PROLIANT ML10 + WINDOWS SERVER STANDARD 2012 + 5 CALL + CONDIZIONATORE + 2 ACCESS POINT  + 2 SWITCH + TELECAMERE (MATERILAE PROVENIENTE VECCHI CONTRATTI)",340,
,,15/02/2022,03/01/2027,60 mesi,2 epson c 878,150,
,,02/01/2022,31/01/2025,36 M rinnovato,TAVOLETTA GRAFICA,32,
,,03/01/2023,04/01/2028,60 M,"EPSON C579 + HP PC 400 G9 + MONITOR 21,5"" + HP NOTEBOOK 450 G9",130,
,,18/05/2023,06/01/2028,60 M,"HP PERSONAL COMPUTER 290 G9 + MONITOR 21,5"" + HP NOTEBOOK 250 G9",40,
,,05/01/2021,05/01/2026,60 M,EPSON C878 + N.3 EPSON C579,220,
,14175157,08/01/2024,08/01/2029,60 M,EPSON C879,230,
,14260953,11/01/2025,,60M,EPSONEM- C8100 + N.3 EPSON EM-C800,280,
,,08/01/2020,31/07/2025,60 M,CENTRALINO YEASTAR S100 + N.2 SCHEDE EX08+ N.5 SCHEDE B2 + 1 SCHEDA S2 + 2 DECT N870 + N.10 TELEFONI GIGASET S650H PRO + N.26 TELEFONI T 40G - BENI RISCATTATI,190,
,A1E98239,24/01/2024,02/01/2029,60 M,HP SERVER PROLIANT ML350 G10 (USATO) + WINDOWS SERVER STD2022 + 5 CALL + NAS SYNOLOGY DS224 PLUS  + 2 HD 3TB + UPS 650 DA + BACK UP CLOUD 1TB,110,
,A1F06604,23/02/2024,03/01/2029,60 M,HP PROBOOK 450 G9 + OFFICE + PANDA,30,
,,,,*,N.10 ANTIVIRUS,,vendita
,,02/01/2021,04/01/2026,60 M,"HP DESIGNJET T630 36"" + ESTENSIONE 60 MESI  COMPLETO DI N.2 TESTINA + N.5 kit CARTUCCE NERO + COLORE",105,
,,,,,IPAD 8°GENERAZIONE,VENDITA,vendita
,A1F41015,23/07/2024,10/01/2029,60 M,XEROX C7125 + FAX  + N.1 HP PROBOOK 440 G10 + OFFICE,160,
,127-43666,07/01/2025,07/01/2030,60 M,"POLYSTUDIO + PC NUC + TV 55"" + CARRELLO PORTA TV + N.2 IPAD WIFI 128GB (GIALLO E ROSA) + RECKSAFE + CENTRALINO P520 YESTAR + N.5 TEL.YEALINK T43U + SWITCH POE 4 PORTE",115,
,,,,*,N.10 ANTIVIRUS,,vendita
,,,,,IPAD 8°GENERAZIONE,VENDITA,vendita
,,10/07/2021,01/01/2027,60 M,HP PROBOOK 450 G8 + OFFICE,25,
,,04/01/2022,04/01/2027,60 M,"EPSON C878 + ASUS NOTEBOOK VIVOBOOK (I7/512GB/15.6""/16GB/SCHEDA GRAFICA 4GB) + OFFICE H&B 2021",170,
,,21/09/2022,10/01/2027,60 M,HP ZETABOOK POWER G8 + OFFICE H&B 2021,40,
,,05/01/2024,30/04/2029,60 M,"TV 55""",20,
,A1F93288,15/05/2025,07/01/2030,60 M,"IMAC 24"" ( 32GB RAM + SSD 2TB)",55,
,A1F93288,15/05/2025,07/01/2030,60 M,"IMAC 24"" ( 32GB RAM + SSD 2TB)",55,
,,,,,USCITA TECNICA SINGOLA CHIAMATA 60€ ORA,,
,,26/02/2021,03/01/2026,60 M,EPSON ENTERPRICE 20750 (DDT IFIS 20600),150,
,,29/12/2021,31/12/2026,60 M,N.7 EPSON C879 (DI CUI 1 MULETTO + N.1 TO) + N.8 EPSON C529 + N.2 C5290 IN OMAGGIO,1450,
,,08/01/2023,08/01/2028,60 M ,EPSON C879 + XEROX C400 (VECCHIO CONTRATTO) + HP SERVER ML110 G10 (N.2 HD 1.8 TD - SECONDO ALIMENTATORE - WINDOWS SERVER STANDARD 2022 + CALL) + N.3 HP PC SFF 400 G9 256GB + 3 OFFICE H&B + PC HP SFF 400 G9 1TB + OFFICE PROFESSIONAL + NAS SYNOLOGY + 2 HD 2TB,410,
,,07/01/2021,30/06/2026,60 M,EPSON C579,30,
,767223,10/01/2021,10/01/2026,60 M,N.5 EPSON C579,270,
,,05/03/2023,05/01/2028,60 M,"SISTEMA PER VIDEOCONFERENZE POLYCOM + TV LG 65""",100,
,,08/07/2023,08/01/2028,60 M,N°2 EPSON c579,80,
,,19/09/2023,10/01/2028,60 M,N°2 EPSON c579,80,
,,06/01/2024,06/01/2029,60 M,EPSON ENTERPRISE C20750 + N.3 EPSON M5899 + REMARKABLE 2 CON PENNINO E CUSTODIA,305,
,,18/05/2024,06/01/2029,60 M,"EPSON M5899 + HP PC 290 G9 SFF + MONITOR 27""",60,
,14245277,20/06/2025,07/01/2030,60 M,"HP PROBOOK 460 G11 +N.2 LENOVO TINK CENTRE NEO 50A G5 27""",60,
,14244622,07/01/2025,07/01/2030,60 M,N.6 EPSON EM- C800 (DI CUI 1 INSERITA IN DDT IFIS MA NON CONSEGNATA),300,
,,04/01/2023,,,XEROX C8000,VENDITA,
,,01/01/2023,31/12/2024,12 M RINNOVO ANNUALE,N.3 C405 USATE,47.51,
,,01/01/2024,01/01/2029,60 M,N.2 EPSON C579,90,
,,04/01/2024,04/01/2029,60 M,HP SERVER PROLIANT ML350 G11 + WINDOWS SERVER STD 2022 + 5 CALL + ANTIVIRUS + UPS 1500 BA + NAS SYNOLOGY DS224 PLUS + 2 HD 6TB + FIREWALL UBIQUITY + SWITCH UBIQUITY,235,
,,11/01/2020,,,DOMINIO VELATRANS,100 ANNO,
,,,,,RIFACIMENTO SITO EX NOVO,VENDITA,
,,,,,RIFACIMENTO SITO EX NOVO,VENDITA,
,,07/01/2023,,,N.2 CASELLE MAIL   (1GB),100 ANNO,
,,10/01/2023,,,aumento a 5gb su casella mail amministrazione@velatrans.it,50 ANNO,
,,03/08/2024,04/01/2029,60 M,SAMSUNG GALAXY S24 ULTRA 256GB TITANIUM GREY,30,
,,23/05/2024,07/01/2029,60 M,"IMAC 24"" (SILVER 16GB SSD 512GB ) + ESTENSIONE + N.2 SSD ESTERNI 1TB",45,
,A1F51472,18/10/2024,01/01/2030,60 M,IPHONE 16 PRO MAX 256GB TITANIO SABBIA + RECSAFE,40,
,A1F61839,19/11/2024,01/01/2030,60 M,GALAXY ZFLIP 6 256GB,40,
,14222222,02/10/2025,03/01/2030,60 M,IPHONE 16 PRO MAX 256GB + REC SAFE,40,
,,07/01/2022,07/01/2027,60 M,EPSON C878 + APPLE IMAC + ESTENSIONE (MATERIALE NUOVO) + PC HP400 ALL IN ONE + 2 OFFICE (USATO VECCHIO CONTRATTO) + EPSON C869 (USATA VECCHIO CONTRATTO),230,
,,24/05/2021,07/01/2026,60 M,N.2 IPHONE 12 PRO GRAFITE 128 GB  + 1 APPLE CARE ( in fattura Bnp) al cliente si consegna : 1 IPHONE 12 PRO 128 GB + ESTENSIONE + IPHONE 12 PRO MAX 256,45,
,,17/02/2023,04/01/2028,60 M,N.2 IPHONE 14 PRO MAX 128GB + N.2 APPLE WATCH ULTRA + SAMSUNG ZFLIP 4,160,
,,11/01/2020,,,DOMINIO VELATRANS,100 ANNO,
,,05/05/2022,07/01/2027,60 M,N.5 EPSON C878,230,
,A1F62480,22/11/2024,01/01/2030,60 M,GALAXY S24 ULTRA 12+256GB BLACK + GALAXY ZFLIP 6 12+256GB BLU + HP PROBOOK 470 G9 + OFFICE ( USATO VECCHIO CONTRATTO),60,
,,07/01/2021,,48 M NOLEGGIO INTERNO GIA' EMESSA FATTURA VENDITA,N.3 ELITEBOOK 850 G7 + 2 OFFICE H&B + 2 OFFICE Professional,90,
,,20/06/2022,07/01/2027,60 M,CENTRALINO YAESTAR P550 + LICENZA LINKUSS 5Y,70,
,,06/10/2022,07/01/2027,60 M,C7025 V_S,140,
,,04/01/2022,,36 M NOLEGGIO INTERNO GIA' EMESSA FATTURA VENDITA,DELL + OFFICE H&B + BORSA + CUSTODIA,90,
,,09/01/2022,10/01/2026,48 M,N.1 EPSON C579 + 1 CASSETTO AGGIUNTIVO(mi) -,70.42,
,,09/12/2023,10/01/2027,48 M,EPSON C579 + 1 CASSETTO + SOFTWARE EPA GRATUITO (NOSTRO PC),55,
,,03/01/2025,28/02/2027,24 M,N.4 EPSON C579 USATE + 5 STAND,124.58,
,762961,06/07/2021,07/01/2026,60 M,EPSON C878 + EPSON C579,195,
,,15/09/2022,10/01/2027,60 M,CENTRALINO YEASTAR P550 + 10 TEL T43U + TEL T46U + CORDLESS C550 + SWITCH,90,
,,11/01/2022,31/10/2027,60 M,N.5 TELEFONI YEASTAR T43U + RIFACIMENTO PRESE TELEFONICHE,20,
,,10/01/2020,,,CONTRATTO DI MANUTENZIONE TELEFONIA,500,
,14252693,09/01/2025,09/01/2030,60 M,EPSON EM-C8100 + EM-C800,199,
,,03/01/2018,,,3 ESPANSIONI RAM 4 GB + 2 OFFICE,VENDITA,
,,21/10/2020,01/01/2026,60 M,EPSON WF C529,52,
,,04/01/2022,04/01/2027,60 M,EPSON C579,55,
,,03/11/2024,04/01/2029,60 M,EPSON ENTERPRISE AM-C4000 + 2 CASSETTI + FINITORE PER PIEGA AC,180,
,,01/01/2025,31/12/2030,60 M,IPHONE 16 PRO 512 + IPAD PRO 12.5 256G VECCHIO CONTRATTO,80,
,,10/01/2024,30/09/2029,60 M,HP NOTEBOOK 250 G10 COMPLETO DI OFFICE,30,
,A1F26628,06/12/2024,07/01/2029,60 M,N.2 ENTERPRISE AM-C 6000 + EPSON C579,630,
,,19/02/2020,03/01/2025,60 M,epson entrerprise WF-C17590 - CONFERMA REVISIONE CONTRATTO MARZO 2021,110,
,60,03/01/2025,28/02/2030,60 M,epson entrerprise WF-C17590,60,
,,,,,forniamo toner,*,
,,,,,forniamo toner,*,
,,01/01/2023,01/01/2028,60 MESI,XEROX C7125,105,
,,27/09/2019,04/01/2025,66 MESI,"EPSON C 579,",60,
,,09/01/2021,31/08/2026,60 MESI,EPSON C 878,243.8,
,A1F75433,28/01/2025,04/01/2030,60 M,EPSON C878 + C800 DOPPIO CASSETTO,300,
,,11/01/2021,,VENDITA,"TV SAMSUNG 65""",,
,A1F22401,13/06/2024,07/01/2029,60 M,EPSON C579,59,
,,,,,IMPLEMENTAZIONE CROSSBORDER,VENDITA,vendita
,,19/03/2024,04/01/2029,60 M,"SERVER SYNETO HYPER 1147, + 2 SERVER SYNETO HYPER 2125 + ESTENSIONE",1000,
,,11/01/2020,,,DOMINIO VELATRANS,100 ANNO,
,,03/01/2022,04/01/2027,60 mesi,2 epson c 878,150,
,,01/01/2025,01/01/2030,60 M,PLOTTER,100,
