ClienteID;RagioneSociale;NumeroContratto;DataInizio;DataFine;Durata;DescrizioneProdotto;NOL_FIN;NOL_INT;TotRata;CopieBN;EccBN;CopieCol;EccCol;Stato
9;ABRASIVI LAMPIFLEX SRL;;07/10/2024;01/10/2029;60;"N.2 DELL PC + N.2 MONITOR 21,5"" + N.2 OFFICE";IFIS 50;;50;;;;;aperto
11;AD AUTOMOBILI;;01/01/2024;;;CREAZIONE DOMINIO + MAIL ( VENDITE@ADAUTOMOBILI.COM);;60 ANNO;60ANNO;;;;;aperto
12;AD PRODUZIONE SRL;A1C07477;23/06/2020;01/07/2025;60;HP ZBOOK 17 G6 MOBILE WORKSTATION - 26/03/2025 ok fabio rimane al cliente;BNP 50;*;50;;;;;aperto
12;AD PRODUZIONE SRL;;26/07/2021;01/10/2026;60;CENTRALINO YESTAR S20 + N.2 SCHEDE FXS + N.2 SCHEDE FXO + N.2 TELEFONI T46U + N.8 TELEFONI T40P + ALIMENTATORI + BOX GSM (LINEE SMARTEL);BNP 70;;70;*;*;*;*;aperto
12;AD PRODUZIONE SRL;;01/06/2022;;12 RINNOVO ANNUALE;UPGRADE 50GB CASELLA MAIL commerciale@adproduzione.it;*;80 ANNO;80ANNO;*;*;*;*;aperto
12;AD PRODUZIONE SRL;;27/10/2023;01/01/2029;60;HP SERVER PROLIANT ML350 G10  (N.3 HD 1.9TB SAS +N.3 RAM 16GB + DOPPIO ALIMENTATORE + ESTENSIONE HP 5 ANNI ON SITE) + BACK UP 2TB+NAS ---- PROVENIENTE VECCHIO CONTRATTO NON IN DDT : PHASER 6600 USATA + EPSON C579 USATA + ENTERPRICE C20750;BNP 430;;430;6000;0.01084;500;0.10832;aperto
12;AD PRODUZIONE SRL;A1F37596;24/07/2024;01/10/2029;60;N.5 HP PC 400 G9 (I5 -512 - 8 -WIFI) +N.4 WORKSTATION Z1 G9 (I9 - 1TB - 32GB - SCHEDA GRAFICA 12GB) + ESTENSIONE GARANZIA;BNP 225;;225;;;;;aperto
12;AD PRODUZIONE SRL;A1F89316;23/04/2025;01/07/2030;60;HP ZBOOK POWER 16 G11;BNP 55;;55;;;;;aperto
12;AD PRODUZIONE SRL;;01/06/2025;;RINNOVO AUTOMATICO;CREAZIONE E GESTIONE CASELLA PEC deluca_alfredo@pec.it;;60 ANNO;60ANNO;;;;;aperto
12;AD PRODUZIONE SRL;;;;;CISCO MERAKI + LICENZA;*;;;;;*;*;aperto
12;AD PRODUZIONE SRL;;;;;N.20 LICENZA ANTIVIRUS PANDA;*;;;;;*;*;aperto
12;AD PRODUZIONE SRL;;;;;N.6 SSD 512GB;*;;;;;*;*;aperto
12;AD PRODUZIONE SRL;;;;;WEBCAM + MICROFONO;;;;;;;;aperto
21;ALGAM;A1E55035;21/07/2023;01/10/2028;60;CENTRALINO YEASTAR S20 + 10 TEL. 1 TEL.POST OPERATORE;BNP 60;*;60;;;;;aperto
21;ALGAM;A1E53862;26/07/2023;01/10/2028;60;"HP SERVER PROLIANT ML 350 G10 (RAM 64GB - N.2 HARD DISK 2TB + 2 HARD DISK 300 GB + N.4 HARD DISK 1,2 TB + DOPPIO ALIMENTATORE + N.2 WINDOWS SEWRVER STANDAR 2022 + 15 CALL + VMWARE VSPHERE 5Y + ESTENSIONE 60 MESI ) + GRUPPO CONTINUITA 2200 W + VEEAM BACK UP + NAS + 2 DISCHI 3 TB + BACK UP IN CLOUD 1TB + SWITCH 48 PORTE + FIREWALL UBIQUITY + N.9 HP PRO MINI 400 G9  ( DI CUI 5 SSD 512GB) + N.9 MONITOR 27"" + N.9 OFFICE 365 PRIMO ANNO INCLUSO";BNP 620;*;620;;;;;aperto
21;ALGAM;A1E53862;26/07/2023;01/10/2028;60;"HP SERVER PROLIANT ML 350 G10 (RAM 64GB - N.2 HARD DISK 2TB + 2 HARD DISK 300 GB + N.4 HARD DISK 1,2 TB + DOPPIO ALIMENTATORE + N.2 WINDOWS SEWRVER STANDAR 2022 + 15 CALL + VMWARE VSPHERE 5Y + ESTENSIONE 60 MESI ) + GRUPPO CONTINUITA 2200 W + VEEAM BACK UP + NAS + 2 DISCHI 3 TB + BACK UP IN CLOUD 1TB + SWITCH 48 PORTE + FIREWALL UBIQUITY + N.9 HP PRO MINI 400 G9  ( DI CUI 5 SSD 512GB) + N.9 MONITOR 27"" + N.9 OFFICE 365 PRIMO ANNO INCLUSO";BNP 620;*;620;;;;;aperto
21;ALGAM;;;;;armadio rack;;;;;;;;aperto
21;ALGAM;;01/09/2024;;12 rinnovo annuale - prio anno gratuito;N.2 MICRISOFT 365 BUSINESS BASIC + N.8 MICROSOFT BUSINESS STANDARD Fabio 07/11/2023;;1080;1080;;;;;aperto
21;ALGAM;;01/12/2023;30/11/2028;60 RINNOVO AUTOMATICO;BACK UP INCLOUD 4TB;;50;50;;;;;aperto
21;ALGAM;;;;;LINEA SMARTELL;;;;;;;;aperto
21;ALGAM;;;;;armadio rack;;;;;;;;aperto
23;ALPHASAR;;01/06/2016;;12 rinnovo autoatico;10 gb aggiuntivi di spazio web;;15 MESE;15;;;;;aperto
23;ALPHASAR;;01/12/2016;;12 RINNOVO AUTOMATICO;CREAZIONE 3 CASELLE MAIL;;150 ANNUO;150;;;;;aperto
23;ALPHASAR;;01/06/2012;;12 RINNOVO AUTOMATICO;CANONE PER HOSTING DOMINIO;;100 ANNUO;100;;;;;aperto
23;ALPHASAR;;01/05/2022;01/05/2027;60;HP SERVER ML350 G10 ( +3 HARD DISK 1.2TB + SECONDO ALIMENTATORE + WINDOWS SERVER STANDARD 2019 + N.15 CALL) + NAS SYNOLOGY DS1621+COMPLETO DI 6HARD DISK 2TB + GRUPPO CONTINUITA' 1500 VA _ SEDE VIA STURZO _ ML 350 G9 USATO VECCHIO CONTRATTO + NAS SINOLOGY DS220+ GRUPPO CONTINUITA' 650 DA _ VIA LEONCAVALLO_  + RIFARCIMENTO GRAFICO E RIPOSIZIONAMENTO SITO + ASSISTENZA SISTEMISTICA SERVER + NAS + GESTIONE BACK UP X TUTTA LA DURATA DEL NOLEGGIO;IFIS 550;;550;*;*;*;*;aperto
23;ALPHASAR;;01/10/2024;;60;AUMENTO SPAZIO BACK UP INCLOUD - SPAZIO TOTALE 3TB;;20 MESE;20;*;*;*;*;aperto
24;AMAE SRL POLIAMBULATORIO;;01/09/2025;;;CONNETTIVITA';;;;;;;;aperto
25;AMMINISTRAZIONI 2T S.R.L. (Amministrazioni Tarrini Sas);;25/01/2024;01/04/2029;60;IPHONE 15 PRO 512 GB + APPLE WATCH ULTRA;BNP 50;5;55;;;;;aperto
25;AMMINISTRAZIONI 2T S.R.L. (Amministrazioni Tarrini Sas);;15/02/2024;01/04/2029;60;IPHONE 15 128GB;BNP 22;;22;;;;;aperto
31;AURA OFFICE SERVICES DI LAURA GIPPONI;127-43453;01/07/2025;01/07/2030;60;HP PROONE 440 G9 AIO + OFFICE STANDARD 2024 + ESTENSIONE;GRENKE 40;;40;;;;;aperto
32;AUTOCASCONE E C. SRL;A1G05817;17/07/2025;01/08/2030;60;CENTRALINO P 520 + 3 TELEFONI + 3 CORDLESS + LINKUS X 5 ANNI;BNP 59;;59;;;;;aperto
33;AUTORICAMBI FOSCHETTI SRL;;;;;AS400;;;VENDITA;;;;;aperto
34;AVV.TO CRISTIANA GEREMIA;;17/07/2025;01/08/2030;60;"APPLE IMAC 24"" (RAM 16GB + SSD 256 + ARGENTO) + IPHONE 16 PRO 256GB";BNP 55;;55;;;;;aperto
38;AZIENDA MULTISERVIZI CERRO MAGGIORE - da Ld Fasteners;14209344;18/12/2024;01/01/2030;60;GALAXY S24 ULTRA 256GB + GALAXY TAB S10 256GB + IPAD PRO 11 256GB;IFIS 100;;100;;;;;aperto
39;Architetto Elena Duranti;;29/07/2021;01/10/2026;60;HP ELITEBOOK 850 G7 + OFFICE;BNP 25;*;25;;;;;aperto
39;Architetto Elena Duranti;;27/10/2023;01/01/2029;60;PC HP + MONITOR + SCHEDA WIFI + OFFICE + IPHONE 14 256GB BLU + ESTENSIONE;BNP 55;*;55;;;;;aperto
39;Architetto Elena Duranti;;;;;I PAD VECCHIO NOLEGGIO;;;VENDITA;;;;;aperto
40;Architetto Giorgio Ciarallo;;17/07/2023;01/10/2028;60;APPLE MAC STUDIO (32GB SSD 1TB);BNP 75;*;75;;;;;aperto
40;Architetto Giorgio Ciarallo;A1F45655;20/09/2024;01/10/2029;60;"HP WORKSTATION Z1 G9 + HP MONITOR 27"" + WIF";BNP 70;*;70;*;*;*;*;aperto
41;BAVERA SRL;;01/11/2024;31/03/2029;60;"MAC BOOK PRO TBAR 16"" + MAC BOOK AIR 13"" + N.2 OFFICE";*;80;80;*;*;*;*;aperto
43;BELFIORE 5 SRL;;30/03/2022;01/04/2027;60;N.3 IPHONE 13 PRO 128 GB;BNP 75;;75;;;;;aperto
43;BELFIORE 5 SRL;;07/09/2022;01/10/2028;72;KIT ELIMINACODE;BNP 85;;85;;;;;aperto
45;BIOMEDICA TORTONESE;;01/09/2022;31/08/2027;60;"MAC BOOK AIR 16"" (RAM 64GB SSD 1TB)";;80;80;;;;;aperto
50;BRUNI AGOSTINO & F SNC;;22/07/2022;01/10/2027;60;CENTRALINO S20 + TELEFONO CORDLESS + N.5 TELEFONI FISSI;BNP 49;;49;*;*;*;*;aperto
51;Bernard Controls Italia Srl;;;;*;MONTE ORE N.66;*;*;2700;*;*;*;*;aperto
51;Bernard Controls Italia Srl;;01/09/2020;;*;TOTEM TERMOSCANNER;*;*;;*;*;*;*;aperto
51;Bernard Controls Italia Srl;A1C37817;18/11/2020;01/01/2026;60;EPSON ENTERPRICE C20600D4TW;BNP 330;;330;5500 TANDEM EPSON;0.01272;1350 TANDEM EPSON;0.1113;aperto
51;Bernard Controls Italia Srl;;;;*;PROGETTO SOFTWARE DOCUMENTALE;*;;VENDITA;*;*;*;*;aperto
51;Bernard Controls Italia Srl;A1D01526;15/10/2021;01/01/2027;60;IPHONE 12 128GB + APPLE CARE (aperto ma ma gia sostituito);BNP 20;;20;*;*;*;*;aperto
51;Bernard Controls Italia Srl;A1D97079;27/10/2022;01/01/2028;60;(IPHONE 14 PRO 512GB estinzione parziale ma non effettiva per finanziaria) + APPLE CARE + IPHONE 14 256GB + iphone 14 pro 128gb SPOSTATO da noleggio interno 2023;BNP 55;;55;;;;;aperto
51;Bernard Controls Italia Srl;A1F53986;07/11/2024;01/01/2030;60;IPHONE 16PRO 512GB TITANIO SABBIA;BNP 35;;35;;;;;aperto
51;Bernard Controls Italia Srl;;01/10/2024;30/09/2029;60;IPHONE 15 256 GB NERO + APPLE CARE;;25;25;;;;;aperto
51;Bernard Controls Italia Srl;A1F67325;17/12/2024;01/01/2030;60;CENTRALINO + SWITCH POE + 21 TELEFONI + N.2 CORDLESS + N.2 RAGNI + c878 (beni lasciati da vecchio contratto) + EPSON C879;BNP 320;;320;0 IN TANDEM ENTERPRICE;0.012;1100 IN TANDEM ENTERPRICE;0.11;aperto
51;Bernard Controls Italia Srl;A1F67784;17/12/2024;01/01/2030;60;N.8 IPHONE 15 256GB + REC SAFE (7 NERI + 1 VERDE) + SAMSUNG GALAXY S24 ULTRA 256GB NERO+ ESTENSIONE;BNP 180;;180;;;;;aperto
51;Bernard Controls Italia Srl;A1G14702;01/09/2025;01/09/2030;60;EPSON AM-C6000 4 CASSETTI;BNP 330;;330;6000;0.012;1350;0.11;aperto
52;C&B SERRAMENTI SRL;;01/01/2023;01/01/2028;60;N.2 HP NOTEBOOK 290 G9 COMPLETI DI OFFICE H&B 2021;GRENKE 45;;45;;;;;aperto
54;CANFOR UTENSILI SRL;14062940;01/12/2022;01/12/2027;60;"HP SERVER ML350G10 (RAM 32GB + ALIMENTATORE + N.3 HD 600GB ) + MICROSOFT WINSERVER STANDARD 2022 + 6 CALL + N.1 HP WORKSTATION Z2 G9 + N.1 OFFICE H&B 2021 + N.4 HP PC 400 G9 + N.4 MONITOR 21,5"" + N.2 MONITOR 24"" + N.2 MONITOR 27"" + N.1 UPS 1600 VA + N.8 TELEFONI FISSI + N.7 CORDLESS + TV SAMSUNG 65"" + N.2 ROUTER ASUS ( GT-AX6000 - GT-AXE16000 )  (in finanziaria 1 workstation in piu + 1 pc in piu ritirati 08/04/2024)";IFIS 972,52 nuovo canone dopo estinzione parziale Xerox - 03/2024;*;97252;*;*;*;*;aperto
54;CANFOR UTENSILI SRL;A1D85227;20/07/2022;01/10/2027;60;N.2 HP PROBOOK 450 G8 + OFFICE + ANTIVIRUS + PISTOLA BARCODE;BNP 75;*;75;;;;;aperto
54;CANFOR UTENSILI SRL;;01/07/2023;01/07/2028;60;EPSON ENTERPRISE am-c6000 + 2 cassetti + (RITIRATA 01/2024 A FRONTE NUOVO NOLEGGIO XEROX - OK FABIO CONTRATTO RESTA APERTO)n.2 switch poe +( NOTEBOOK + OFFICE + NAS 2 dischi 2 tb  + CENTRALINO 7 TELEFONI + 6 CORDLESS + SAMSUNG TABLET + 7225 (NON CONSEGNATA)) materiale vecchio contratto;IFIS 840;;840;3500;0.007;200;0.07;aperto
54;CANFOR UTENSILI SRL;14139922 - A1E95060;;;60;"XEROX C8145 + HP WORKSTATION Z2 TOWER G9  + OFFICE + SAMSUNG TABLET + TV SAMSUNG 43"" + LOGITECH SOUNBAR + INTERFONO CON MICROFONO + SAMSUNG GALAXY S24 ULTRA 1TB + N.2 XIAOMI 13T PRO +( XEROX C8035 + HP WORKSTATION ZBOOK 16 G10 + SAMSUNG GALAXY S23 ULTRA 1TB + SAMSUNG TV 32"" IN DDT MA NON CONSEGNATI)";BNP 1000 + IFIS 713,88;;171388;3500;0.007;200;0.07;aperto
54;CANFOR UTENSILI SRL;14172993;11/07/2024;01/08/2029;60;FIREWALL UBIQUITY + N.3 REMARKABLE + CUSTODIA + PENNINO;IFIS 150;;150;;;;;aperto
54;CANFOR UTENSILI SRL;;01/08/2024;;;MIGRAZIONE N.8 MAIL SU MICROSOFT 365;;480;480;;;;;aperto
54;CANFOR UTENSILI SRL;A1F41141;04/09/2024;01/10/2029;60;MOBILI PER UFFICIO;BNP 695,53;;69553;;;;;aperto
54;CANFOR UTENSILI SRL;A1F62428;29/11/2024;01/01/2030;60;MOBILI PER UFFICIO ( N.1 MOBILE ZONA PIANO TERRA - N.2 TAVOLI - N.10 SEDIE ) + N. 2 HP PROBOOK 470 G10 (I5+I7) + PC DELL INSPIRON 3030 SFF + XIAOMI BUD 5 + N.2 ROBOT ECOVAX X5 + FRIGORIFERO + DYSON PURIFIER  HUMMDIFY + COOL;BNP 1200;;1200;;;;;aperto
54;CANFOR UTENSILI SRL;A1G01730;06/06/2025;01/07/2030;60;MOBILI (TAPPARELLE DA SOSTITUIRE);BNP 201,16;;20116;;;;;aperto
54;CANFOR UTENSILI SRL;A1G01735;06/06/2025;01/07/2030;60;RIELLO UPS 8000 VA + N.2 HARD DISK X SERVER + N.2 TEL WIFI + STAMPANTE ZEBRA ZT231+ ESTENSIONE + ECOVAX X9;BNP 498,84;;49894;;;;;aperto
54;CANFOR UTENSILI SRL;A1G11651;03/07/2025;01/08/2030;60;"EPSON EM-C800 + ARREDO + SCRIVANIA + HP PC 290 G9 + MONITOR 21,5"" + MONITOR 27"" + N.3 TEL T58W";BNP 890;;890;IN TANDEM CONTRATTO XEROX;;IN TANDEM CONTRATTO XEROX;;aperto
54;CANFOR UTENSILI SRL;;01/07/2025;;;LINEA DATI;;;;;;;;aperto
54;CANFOR UTENSILI SRL;;;;;PALMARE;;;;;*;*;*;aperto
54;CANFOR UTENSILI SRL;14139922 - A1E95060;;;60;"XEROX C8145 + HP WORKSTATION Z2 TOWER G9  + OFFICE + SAMSUNG TABLET + TV SAMSUNG 43"" + LOGITECH SOUNBAR + INTERFONO CON MICROFONO + SAMSUNG GALAXY S24 ULTRA 1TB + N.2 XIAOMI 13T PRO +( XEROX C8035 + HP WORKSTATION ZBOOK 16 G10 + SAMSUNG GALAXY S23 ULTRA 1TB + SAMSUNG TV 32"" IN DDT MA NON CONSEGNATI)";BNP 1000 + IFIS 713,88;;171388;;3500;0.007;200;aperto
56;CASELIA - STUDIO VIDIGULFO 99 SAS DI ELIA ARTURO &C;;01/07/2021;;*;SVILUPPO SITO WEB CASELIA;;*;VENDITA;;;;;aperto
56;CASELIA - STUDIO VIDIGULFO 99 SAS DI ELIA ARTURO &C;;01/07/2021;;12ESI RINNOVO AUTOMATICO ANNUALE;mmobiliare 74;;240 ANNO;240ANNO;;;;;aperto
56;CASELIA - STUDIO VIDIGULFO 99 SAS DI ELIA ARTURO &C;A1E79073;26/10/2023;01/01/2029;60;XEROX VERSALINK C7025 + FAX;BNP 110;*;110;1500;0.00816;650;0.0816;aperto
56;CASELIA - STUDIO VIDIGULFO 99 SAS DI ELIA ARTURO &C;;01/06/2025;;rinnovo autoatico;CREAZIONE CASELLA PEC ARTURO.ELIA@PEC.CASELIA.IT;;50 ANNO;50ANNO;;;;;aperto
56;CASELIA - STUDIO VIDIGULFO 99 SAS DI ELIA ARTURO &C;A1G05542;06/06/2025;01/07/2030;60;QUBI PC MSI;BNP 25;;25;;;;;aperto
57;CASSANI & SERGI ARCHITETTI ASSOCIATI;;01/01/2022;01/01/2027;60M;LENOVO IDEA PAD FLEX 5 + N.4 HP AIO ELITONE 800 G6+ OFFICE;GRENKE 185;*;185;;;;;aperto
57;CASSANI & SERGI ARCHITETTI ASSOCIATI;;13/05/2022;01/06/2027;60M;N.2 NOTEBOOK HP 250 G8 + OFFICE;IFIS 40;*;40;;;;;aperto
57;CASSANI & SERGI ARCHITETTI ASSOCIATI;;22/09/2023;01/10/2028;60M;N.5 IPHONE 14 PRO 256GB + ESTENSIONE;IFIS 155;*;155;;;;;aperto
57;CASSANI & SERGI ARCHITETTI ASSOCIATI;;26/10/2023;01/11/2028;60M;IPAD PRO 11 WI- FI + CELLULAR 512GB;IFIS 48;*;48;;;;;aperto
57;CASSANI & SERGI ARCHITETTI ASSOCIATI;;22/05/2024;01/06/2029;60;"HP WORKSTATION Z1 G9 (I9 32GB SSD 1TB SCHEDA GRAFICA 12TB) + ESTENSIONE 5Y + HP MONITOR 27"" + OFFICE 365";IFIS 55;*;55;;;;;aperto
57;CASSANI & SERGI ARCHITETTI ASSOCIATI;25;01/09/2024;31/08/2029;60;NAS SYNOLOGY DS224+ COMPLETO 2HD 4TB;;*;25;;;;;aperto
57;CASSANI & SERGI ARCHITETTI ASSOCIATI;14209030;19/12/2024;01/01/2030;60;"HP NOTEBBOK 250 G10 + TV 55"" +N.2 POLTRONE PRESIDENZIALI";IFIS 50;*;50;;;;;aperto
57;CASSANI & SERGI ARCHITETTI ASSOCIATI;127-42583;01/04/2025;01/04/2030;60;CONDIZIONATORE HAIER (acquistato dal cliente);GRENKE 165;*;165;;;;;aperto
58;CASTELLEONE CASA 86 SAS;;03/11/2023;01/01/2029;60;EPSON C869 USATA;BNP 100 UNICO CONTRATTO;;100;1000;0.00714;200;0.0714;aperto
59;CENTRO SERVIZI TECNICO AMBIENTALI SRL;14156064;01/04/2024;01/04/2029;60;EPSON AMC-4000;FIS 360;;360;5000;0.007;4200;0.07;aperto
59;CENTRO SERVIZI TECNICO AMBIENTALI SRL;14174934;04/07/2024;01/07/2029;60;N.3 ASUS EXPERT NOTEBOOK B1 + ANTIVIRUS;IFIS 75;;75;;;;;aperto
59;CENTRO SERVIZI TECNICO AMBIENTALI SRL;;01/10/2024;;VENDITA;N.38 ANTIVIRUS PANDA AND POINT PROTECTION 3 Y ( RINNOVO TRIENNALE);;;;;;;;aperto
59;CENTRO SERVIZI TECNICO AMBIENTALI SRL;;01/10/2024;;VENDITA;NAS SYNOLOGY DS 923+ COMPLETO N.4 HD 45TB;;;;;;;;aperto
59;CENTRO SERVIZI TECNICO AMBIENTALI SRL;;01/11/2024;;;AUMENTO SPAZIO CLOUD 2TB - SPAZIO TOTALE DA 10TB A 12TB;;25;25;;;;;aperto
59;CENTRO SERVIZI TECNICO AMBIENTALI SRL;14221801;01/03/2025;01/03/2030;60;hp server reck proliant dl 360 g11 ( ram 64gb - hd 8 2,4 tb + 2 alimentatori + windows server standard + 40 call + garanzia 5y + (NAS SYNOLOGY COMPLETO DI N.4HD 2TB + FRITZBOX 2004 + ARMADIO RAC) lasciati vecchio contratto;ifis 215;;215;;;;;aperto
60;CESARI SRL;A1G08028;18/06/2025;17/07/2031;72;EPSON AM-C6000 (CANFOR);BNP 195;;195;3500;0.006;500;0.06;aperto
61;CETA SPA;;19/10/2023;01/11/2027;48;EPSON C579;IFIS 90;;90;500;0.0055;100;0.055;aperto
61;CETA SPA;;02/04/2024;01/05/2028;48;EPSON PLOTTER SURECOLOR SCT5405 + GARANZIA + 4 KIT;IFIS 138;;138;;;;;aperto
61;CETA SPA;14250337;11/07/2025;01/08/2030;60;EPSON EM-C800;IFIS 90;;90;500;0.0055;100;0.055;aperto
62;CHEMICAL GROUP SRL;;;;*;CABLAGGIO;*;*;500;*;*;*;*;aperto
62;CHEMICAL GROUP SRL;;01/11/2020;31/10/2025;60;"N.2 IMAC 21.5"" (I5/8GB/256GB) + N.2 APPLE CARE + HP 200 G4 AIO";*;80;80;*;*;*;*;aperto
62;CHEMICAL GROUP SRL;;01/11/2020;31/10/2025;60;"IMAC 27"" NANOTEXTURE + IMAC 27"" + N.2 APPLE CARE + N.3 IPAD AIR 64GB WIFI + CELL + TASTIERE + APPLE CARE";*;270;270;*;*;*;*;aperto
62;CHEMICAL GROUP SRL;;01/04/2025;31/03/2030;60;"XEROX C8270 V_F ( COMPLETA DI KIT DI TRASPORTO + UNITA' DI FINITURA LIBRETTO BUSINESS READY 2000 FOGLI + CARTELLA C/Z) + N.2 LENOVO ALL IN ONE 27"" + DELL XPS 16 + ESTENSIONE + HP PROBOOK 460 G11 + ESTENSIONE (PER DLL ELITEBOOK 860) + HP ALL IN ONE 32"" + WINDOWS 11 + ESTENSIONE (PER DLL 400 G9 + MONITOR 32"") + N.2 APPLE MAC STUDIO + MOUSE + TASTIERA + N.2 MONITOR 27"" + ESTENSIONE";DLL 1080;300;1380;3000;0.007;7500;0.07;aperto
62;CHEMICAL GROUP SRL;;12/07/2023;01/08/2028;60;MICROSOFT SURFACE PRO 9 COMPLETO DI OFFICE PENNINO COVER + TASTIERA PORTA PENNINO;BNP 50;;50;*;*;*;*;aperto
62;CHEMICAL GROUP SRL;;01/04/2025;31/03/2030;60;"HP PC 400 G9 + N.2 MONITOR SAMSUNG 27""";;30;30;*;*;*;*;aperto
62;CHEMICAL GROUP SRL;;;;*;CABLAGGIO;*;;500;;*;*;*;aperto
63;CHRYSALIS S.R.L COMUNICATION;;01/01/2020;01/01/2025;60;Xerox C8030 + fax (+ s.o. + server ML310 in DDt non consegnato) + google app;GRENKE 355 ci faranno fattura top up ogni 3 mesi fino a scadenza;*;355;4500;0.01007;1500;0.1007;aperto
63;CHRYSALIS S.R.L COMUNICATION;;01/10/2019;01/04/2025;66;HP NOTEBOOK 450 G6 + OFFICE;BNP 25;*;25;*;*;*;*;aperto
63;CHRYSALIS S.R.L COMUNICATION;A1B78578;12/02/2020;01/10/2025;66;N.4 PROBOOK 455R + 4 OFFICE + ARMADIO REC + QNAP NAS + N.4 HD DA 2 TB + QNAP NAS + N.4 HD DA 1 TB + LICENZA PHOTOSHOP (SOLO PER 1 ANNO);BNP 260,53;*;26053;*;*;*;*;aperto
63;CHRYSALIS S.R.L COMUNICATION;;01/11/2021;31/10/2026;60;DELL NOTEBOOK VOSTRO 5510 (I7 16GB 512 GB GRAFICA 2GB ) + OFFICE RECUPERATO;*;40;40;*;*;*;*;aperto
63;CHRYSALIS S.R.L COMUNICATION;;01/11/2021;31/10/2026;60;DELL NOTEBOOK VOSTRO 5510 (I7 16GB 512 GB GRAFICA 2GB ) + OFFICE RECUPERATO;*;40;40;*;*;*;*;aperto
63;CHRYSALIS S.R.L COMUNICATION;;01/01/2023;;;N.20 LICENZE MICROSOFT 365 BUSINESS STANDARD (N.14 GENNAIO 23 + 1 MAGGIO 23 + 1 OTTOBRE 23 + 2 DICEMBRE 23 + 2 dicembre 24);*;230;230;*;*;*;*;aperto
63;CHRYSALIS S.R.L COMUNICATION;;01/01/2023;;12ESI RINNOVO AUTOMATICO;N.6 LICENZE MICROSOFT EXCHANGE ONLINE;*;225 ANNO;225ANNO;*;*;*;*;aperto
63;CHRYSALIS S.R.L COMUNICATION;;01/04/2023;;12ESI RINNOVO AUTOMATICO;CONTRATTO DI CONSULENZA ED ASSISTENZA INFORMATICA;*;1200 ANNO;1200ANNO;*;*;*;*;aperto
63;CHRYSALIS S.R.L COMUNICATION;;13/12/2023;01/01/2027;36;N.5 DELL NOTEBOOK VOSTRO 3520;BNP 87;;87;*;*;*;*;aperto
63;CHRYSALIS S.R.L COMUNICATION;A1F31886;11/07/2024;01/10/2029;60;EPSON ENTERPRICE AMC-4000 + FAX (2 CASSETTI + STAND);BNP 260;;260;4000;0.008;1000;0.08;aperto
63;CHRYSALIS S.R.L COMUNICATION;;01/01/2025;;60;LICENZA MICROSOFT ENTRA ID P2(AUTENTICATOR);;110 ANNO;110ANNO;;;;;aperto
63;CHRYSALIS S.R.L COMUNICATION;A1F96295;15/05/2025;01/07/2028;36;PROBOOK 450 G10 + N.2 PROBOOK 445 G11 + WORKSTATION HP ZBOOK POWER 16 G11 + NAS SYNOLOGY DS 423+ CON 3 HD 4 TB + vecchio contratto: NAS + ARMADIO;BNP 225;;225;;;;;aperto
63;CHRYSALIS S.R.L COMUNICATION;;;;;REALIZZAZIONE VPN (MERAKI MX - 64 + ASSISTENZA E AGGIORNAMENTI CANONE ANNUALE);;;;;*;*;*;aperto
65;CIP 4 SRL;;01/03/2025;;;N.14 LICENZE MICROSOFT OFFICE 365 BUSINESS STANDARD;;140.4;14040CADANNO;;;;;aperto
65;CIP 4 SRL;;01/04/2025;;;N.30 LICENZE MICROSOFT OFFICE 365 BUSINESS BASIC;;2016,00 ANNO;201600ANNO;;;;;aperto
67;CLASS SERVICE SRL;12737594;01/01/2024;01/01/2029;60;N.2 HP NOTEBOOK 450 G10 + N.2 OFFICE H&B 2021 + N.2 PANDA ANTIVIRUS + ASSISTENZA;GRENKE 60;;60;;;;;aperto
67;CLASS SERVICE SRL;12737951;01/01/2024;01/01/2029;60;STAMPANTE BADGE + SOFTWARE DI GESTIONE + NASTRO COLORI 250 BADGE + N.2 CONFEZIONI 100 BADGE;GRENKE 30;;30;;;;;aperto
67;CLASS SERVICE SRL;12739140;01/04/2024;01/04/2029;60;N. HP NOTEBOOK 450 G10 + N.1 OFFICE H&B 2021 + N.1 PANDA ANTIVIRUS + ASSISTENZA;GRENKE 30;;30;;;;;aperto
67;CLASS SERVICE SRL;12740317;01/07/2024;01/07/2029;60;N. HP NOTEBOOK 450 G10 + N.1 OFFICE H&B 2021 + N.1 PANDA ANTIVIRUS + ASSISTENZA;GRENKE 30;;30;;;;;aperto
67;CLASS SERVICE SRL;;01/07/2024;;VENDITA;SYNOLOGY NAS DS224 PLUS COMPLERTO N.2 HD 2 TB;;;VENDITA;;;;;aperto
67;CLASS SERVICE SRL;12742056;01/01/2025;01/01/2030;60;HP ELITEBOOK 860 G11 + OFFICE + PANDA;GRENKE 40;;40;;;;;aperto
70;COMPUTER DESIGN SRL;;;;;INSTALLAZIONE PER CONTO DI EPSON;;;;;;;;aperto
72;CONSEA SRL;;11/07/2023;01/10/2028;60;N.7 HP PRO TOWER 400 G9 + HP PROBOOK 450 G9;BNP 125;;125;;;;;aperto
72;CONSEA SRL;;18/12/2023;01/01/2029;60;N.4 IPHONE 15 PRO MAX 256GB + REKSAFE ( 3 NERI 1 BLU);BNP 140;;140;;;;;aperto
72;CONSEA SRL;14197522;06/11/2024;01/11/2029;60;"MAC BOOK PRO 14"" + RECSAFE";IFIS 45;;45;;;;;aperto
74;COSI COM ERA;;;;*;VENDITA COMPONENTE 2016;*;;*;;*;*;*;aperto
76;Calorservices Srl;;01/05/2023;30/04/2028;60;"N.4 GOOGLE HOME MINI + MONITOR 27""";;100;100;;;;;aperto
82;DOTTORESSA MARIA OLGIATI;;02/02/2023;01/03/2028;60;HP PROBOOK 470 G9 + OFFICE;BNP 40;;40;;;;;aperto
82;DOTTORESSA MARIA OLGIATI;;01/01/2023;01/02/2028;60;EPSON C878;IFIS 150;;150;;1000;0.01478;500;aperto
83;DRYLOCK;;;;*;CLIENTE ATTIVO;;;;;;;;aperto
84;DUEGI CAR SRL;A1G10029;30/06/2025;01/07/2030;;ARMADIO RACK+NVR+SISTEMA ANTIFURTO + 11 TELECAMERE;BNP 130;;130;;;;;aperto
84;DUEGI CAR SRL;A1G05812;30/06/2025;01/07/2030;60;centralino P520 + linkus x 5 anni ,2 telefoni fissi,1 cordless;BNP 40;;40;;;;;aperto
87;EFESTO SRL;;;;;VIDEOPROIETTORE;;*;ACQUISTO;;;;;aperto
87;EFESTO SRL;;;;;VIDEOPROIETTORE;;;ACQUISTO;;;;;aperto
88;EFFEELLE SRLS (LUIGI SPATUZZI);;01/11/2023;31/10/2028;60;XEROX 6605 (USATA) + HP PC AIO 800 G3 (USATO)+ ROUTER LTE + APPLE IPHONE 14 PRO 512 + REC SAFE + APPLE AIRPODS PRO + DYMO ETICHETTRATRICE + N.3 NASTRI;;132.6;1326;500;0.00816;100;0.0816;aperto
89;ELLECI SRL;;13/02/2023;01/04/2028;60;(SERVER DL360G10 + RAM 32GB + 3HD 300GB + ULTRIUM + WINDOWS SERVER 2016 + 10 CAL + 10 LICENZE RDS +  4 PC ASUS  ALL IN ONE + ARMADIO REC) BENI DAL VECCHIO CONTRATTO STUDIO ELLECI  + EPSON ENTERPRICE AM-C6000 + N.4 PC AIO + N.1 NOTEBOOK;BNP 565;;565;;7000 in tandem su tutte le macchine;0.009;0;aperto
89;ELLECI SRL;;01/07/2018;;RINNOVO ANNUALE;DOMINIO + MAIL;;;100;;*;*;*;aperto
89;ELLECI SRL;;07/07/2015;;60 TACITO RINNOVO;CONTRATTO DI ASSISTENZA;;;85;;*;*;*;aperto
89;ELLECI SRL;;01/01/2025;31/12/2029;60;HP PC + MONITOR + OFFICE + PANDA ( MATERIALE USATO);;;20;;*;*;*;aperto
91;ERA HOLDING SRL (GLASFORD);;18/03/2025;01/04/2030;60;C579  CASA TITOLARE VECCHIO CONTRATTO;TANDEM;*;*;500;0.007834;100;0.078333;aperto
91;ERA HOLDING SRL (GLASFORD);;13/07/2022;01/10/2027;60;EPSON C878 + C579;BNP 189;;189;;1500;0.007834;300;aperto
91;ERA HOLDING SRL (GLASFORD);;13/07/2022;01/10/2027;60;C579  CASA TITOLARE;TANDEM;;*;;500;0.007834;100;aperto
94;Elleci Studio di Corsi Emiliana;;;;*;RISCATTO NOLEGGIO IPHONE 8;;*;;;;;;aperto
94;Elleci Studio di Corsi Emiliana;;01/03/2022;01/03/2027;60;EPSON C579 + NAS + N.2 DISCHI  + (N.2 PC + MONITOR + OFFICE (RIGENERATI) + MERAKI Z3 + LICENZA ANNUALE INCLUSA SOLO IL PRIMO ANNO + DISTRUGGI DOCUMENTI;BNP 90;*;90;COPIE IN TANDEM su tutte le macchine;0.009;COPIE IN TANDEM;0.09;aperto
94;Elleci Studio di Corsi Emiliana;A1F50007;04/10/2024;01/11/2029;60;APPLE IPHONE 16 PRO MAX 256GB TITANIO SABBIA;BNP 30;*;30;;;;;aperto
94;Elleci Studio di Corsi Emiliana;;;;*;N.3 PANNELLI PLEXIGLAS;;;;;;;;aperto
94;Elleci Studio di Corsi Emiliana;;;;*;RISCATTO NOLEGGIO IPHONE 8;;;;;;;;aperto
96;Etaplast SpA;A1C53311;25/01/2021;01/04/2026;60M;N.2 EPSON C579;BNP 180;*;180;12000 IN TANDEM  CONTRATTO C7025;0.004751;0;0.067143;aperto
96;Etaplast SpA;A1D10960;08/10/2021;01/01/2027;60M;CENTRALINO YEASTAR S50 + LICENZA LINKUSS 5 ANNI + 10 CUFFIE BLOOTHOOT + N.12 SMARTPHONE OPPO A15 + ROUTER 4G (FORNITO DA SMARTELL);BNP 95;*;95;;*;;*;aperto
96;Etaplast SpA;A1F95307;20/05/2025;01/07/2030;60M;N.2 EPSON EM-C800 + CENTRALINO S50 YESTAR ( VECCHIO CONTRATTO) + N.5 DECT W80 + N.1 DECT MANAGER + (N.12 CORDLESS GIGASET S700H PRO IN DDT BNP) + N.12 YEALINK W73H;BNP 255;*;255;12000 in tandem c878;0.007;0 in tandem c878;0.07;aperto
97;Eurocolor;;10/07/2019;;60;N.9 OFFICE HOMEBUSINESS 2019;*;;45;;*;*;*;aperto
97;Eurocolor;;17/09/2019;;12 RINNOVO AUTOMATICO;DOMINIO;*;;100;;*;*;*;aperto
97;Eurocolor;A1C08586;27/10/2020;01/01/2026;60;CENTRALINO YEASTARS 20 + N870 IPDECT + N.3 CORDLESS S650H + N.1 TELEFONO T465S + SWITCH WIFI POE (VIGEVANO) + CENTRALINO YEASTARS 20 + N. 2 N870 IPDECT + N.6 CORDLESS S650H + N.1 TELEFONO T465S + SWITCH WIFI POE (S.MARTINO);BNP 260;;260;;*;*;*;aperto
97;Eurocolor;;;;;N.6 PISTOLA TERMOSCANNER;*;;;;*;*;*;aperto
97;Eurocolor;;01/12/2020;;12ESI RINNOVO AUTOMATICO;CREAZIONE N.6 CASELLE EMAIL;*;;240CANONEANNUALE;;*;*;*;aperto
97;Eurocolor;;05/05/2021;01/07/2026;60;N.2 PC HP 400 G3 USATI (SAN MARTINO SICCOMARIO) + N.2 LENOVO USATI (VIGEVANO);BNP 70;;70;;*;*;*;aperto
97;Eurocolor;;15/06/2022;01/07/2027;60;EPSON C579 + IPHONE 13 PRO 128 GB(tutto in milano color);BNP 65;;65;;1000 TANDEM MILANOCOLOR;0.01449;100 TANDEM MILANOCOLOR;aperto
97;Eurocolor;;01/05/2023;30/04/2028;60;UANIA + LICENZA ANNUALE (INSTALLATA VIGEVANO);;;20;;;;;aperto
97;Eurocolor;;26/05/2023;01/07/2028;60;SEDE DI SAN MARTINO : XEROX C7125 + N.2 C579 (1 USATA IN MILANO COLOR) + N.5 PC + MONITOR + OFFICE + ANTIVIRUS + PROVENIENTE DAL VECCHIO CONTRATTO : SERVER + NAS + FIREWALL + WIFI;BNP 580;;580;;4500 COPIE IN TANDEM;0.01449;300 COPIE IN TANDEM;aperto
97;Eurocolor;;26/05/2023;01/07/2028;60;SEDE DI VIGEVANO : XEROX C7125 + N.2 PC + OFFICE + MONITOR + ANTIVIRUS + 1 PC USATO VECCHIO CONTRATTO;;;;;*;*;*;aperto
97;Eurocolor;;01/06/2023;01/07/2028;60;IPHONE 14 PRO 256GB SILVER;BNP 30;;30;;;;;aperto
97;Eurocolor;;01/03/2024;28/02/2029;60;N. 1 PAPERTABLET REMARKABLE 2 + PENNINO + CUSTODIA;;;15;;;;;aperto
98;FANTE ADVISORY SRL (INVESTIS ADVISORY SRL ) cambiata ragione sociale dal 31/08/2023;;01/01/2022;01/01/2027;60;EPSON C878;BNP 100;*;100;COPIE INCLUSE CONTRATTO ENTERPRICE;0.007834;COPIE INCLUSE CONTRATTO ENTERPRICE;0.078333;aperto
98;FANTE ADVISORY SRL (INVESTIS ADVISORY SRL ) cambiata ragione sociale dal 31/08/2023;;01/05/2021;30/04/2026;60;SYNOLOGY NAS 220 PLUS completo di 2 hd da 3 tb +  SERVIZIO BACK UP in cloud 2 TB;*;;130;;*;*;*;aperto
98;FANTE ADVISORY SRL (INVESTIS ADVISORY SRL ) cambiata ragione sociale dal 31/08/2023;;;;*;(VENDITA) REALIZZAZIONE SOFTWARE DEDICATO;*;;*;;*;*;*;aperto
98;FANTE ADVISORY SRL (INVESTIS ADVISORY SRL ) cambiata ragione sociale dal 31/08/2023;;01/12/2020;;*;monte ore 100 ore( come da accordi Fabio 13/01/2022) ( 6000);;;;;;;;aperto
98;FANTE ADVISORY SRL (INVESTIS ADVISORY SRL ) cambiata ragione sociale dal 31/08/2023;;23/09/2020;01/10/2025;60;CENTRALINO YEASTAR S50 + N.2 SCHEDE B2 + N.2 RAGNI PER SALA CONFERENZE + N.35 TELEFONI + N.2 SWITCH 24 P POE+microfono;BNP 415;;415;;;;;aperto
98;FANTE ADVISORY SRL (INVESTIS ADVISORY SRL ) cambiata ragione sociale dal 31/08/2023;;;;*;N.3 HP PROBOOK 450 G7 + OFFICE;;;;;;;;aperto
98;FANTE ADVISORY SRL (INVESTIS ADVISORY SRL ) cambiata ragione sociale dal 31/08/2023;;23/09/2020;01/10/2025;60;CENTRALINO YEASTAR S50 + N.2 SCHEDE B2 + N.2 RAGNI PER SALA CONFERENZE + N.35 TELEFONI + N.2 SWITCH 24 P POE+microfono;BNP 415;;415;;;;;aperto
98;FANTE ADVISORY SRL (INVESTIS ADVISORY SRL ) cambiata ragione sociale dal 31/08/2023;;;;VENDITA;REALIZZAZIONE VPN TORINO (MERAKI + ASSISTENZA CANONE ANNUALE);;;;;;;;aperto
101;FARMACIA AMBRECK SRL;12742799;01/04/2025;01/04/2030;60;DVR + N.16 TELECAMERE ANALOGICHE + N.5 TELECAMERE IP + HARD DISK 2TB + N.2 SWITCH 5 PORTE POE;GRENKE 65;;65;*;*;*;*;aperto
101;FARMACIA AMBRECK SRL;A1E18970;13/01/2023;01/04/2028;60;CENTRALINO YEASTAR P550 + MODULO + LICENZA ( 5 ANNI) + N.6 CELLE DECT + N.8 CORDLESS W59R + N.21 CORDLESS W78H + N.3 TELEFONI T46U + 1 SWITCH 24 PORTE + N.2 CUFFIE MONO BLUETOOTH;BNP 350;;350;*;*;*;*;aperto
101;FARMACIA AMBRECK SRL;12742951;01/04/2025;01/04/2030;60;CENTRALINO YESTAR P560 + N.5 CORDLESS W59R + SWITCH 16 PORTE POE;GRENKE 120;;120;*;*;*;*;aperto
105;FARMACIA SAN GIUSEPPE;;26/11/2020;01/01/2026;60;N.1 EPSON C878 + N.2 C579;BNP 170;;170;2000;0.00742;1000;0.0742;aperto
105;FARMACIA SAN GIUSEPPE;;29/07/2022;01/10/2027;60;CENTRALINO S20 + TELEFONO;BNP 30;;30;;;;;aperto
108;FARMACIA VENTURA;14224328;01/05/2025;01/05/2030;60;CENTRALINO YEASTAR P520 + ACC + N.1 DECT N510 + N.2 CORDLESS GIGASET + CONTRATTO ASSISTENZA;IFIS 70;;70;;;;;aperto
113;FIXI SRL;;01/10/2022;01/12/2027;60;XEROX VERSALINK B600 + PHASER 4600 (USATA VECCHIO CONTRATTO);TANDEM;;400;3000;0.01;;;aperto
114;FLEXO ITALIA SRL;;01/01/2021;;12ESI RINNOVO AUTOMATICO;CONTRATTO DI MANUTENZIONE TELEFONIA;;350 ANNO;350ANNO;;;;;aperto
114;FLEXO ITALIA SRL;;01/07/2022;;VENDITA;LETTORE C2C PRO + N.10 BADGE;;;;;;;;aperto
114;FLEXO ITALIA SRL;;01/08/2022;;VENDITA;SOFTWARE RILEVATORE PRESENZE;;;;;;;;aperto
114;FLEXO ITALIA SRL;;01/12/2023;30/11/2024;VENDITA;CONTRATTO ASSISTENZA SOFTWARE RILEVATORE PRESENZE CANONE ANNUALE;;CANONE ANNUALE;CANONEANNUALE;;;;;aperto
114;FLEXO ITALIA SRL;;;;;CENTRALINO + TELEFONI;;;VENDITA;;;;;aperto
115;FORMONT s.c.a.r.l.;;01/01/2024;01/01/2029;60;EPSON ENTERPRISE AM-C5000;GRENKE 135;;135;TANDEM CONTRATTO PRECEDENTE;0.00636;TANDEM CONTRATTO PRECEDENTE;0.0636;aperto
115;FORMONT s.c.a.r.l.;127-43081;01/04/2025;01/04/2030;60;EPSON AM-C 6000 4 CASSETTI + N.7 EPSON C879 + N.6 EPSON EM-C800 + N.10 LETTORI BADGE;GRENKE 1200;450;1650;63000;0.006;5000;0.06;aperto
119;Filosofia Alimentare Srl(SOFIA);;;;*;bene in ctr filosofia - MACCHINA RITIRATA AGOSTO 2025 SU COMUNICAZIONE DEL CLIENTE;*;;*;;;;;aperto
121;G BOERO SRL;;01/07/2025;;;LINEA FIBERWIDE;;;;;;;;aperto
123;GLASFORD;;13/07/2022;01/10/2027;60;C579  CASA TITOLARE;TANDEM;*;*;500;0.007834;100;0.078333;aperto
124;GLI ESPERTI DELL'IMPRESA SRL;;08/03/2023;01/04/2026;36;APPLE MAC BOOK AIR + ADATTATORE RETE + APPLE CARE;BNP 57;;57;*;*;*;*;aperto
124;GLI ESPERTI DELL'IMPRESA SRL;;17/03/2023;01/04/2026;36;HP ELITEBOOK 650 G9 + OFFICE;BNP 45;;45;*;*;*;*;aperto
124;GLI ESPERTI DELL'IMPRESA SRL;;01/07/2023;01/07/2028;60;EPSON ENTERPRICE AM-C6000 + DOPPIO CASSETTO;GRENKE 195;;195;14000 COPIE IN TANDEM;0.006334;0;0.063342;aperto
124;GLI ESPERTI DELL'IMPRESA SRL;14197344;11/11/2024;01/12/2029;60;N.12 HP PRO ONE 440 G9 AIO + N.12 OFFICE H&B 2024 + ESTENSIONE GARANZIA 36 MESI + N.3 UBIQUITY SWITCH 48P + N.2 UBIQUITY CAVI SFP 0,5M + N.3 UBIQUITY SWITCH 16P + N.3 UBIQUITY SWITCH 8P + N.10 UBIQUITY FIREWALL UNIFI + N.2 UBIQUITY FIREWALL PROFESSIONAL + N.2 UBIQUITY CEILING MOUNT WIFI 7 AP + N.2 UBIQUITY POE INJECTOR + N.2 UBIQUITY WALL MOUNT;IFIS 385;;385;;;;;aperto
125;GOMMAUTO;;04/10/2021;01/01/2027;60;"HP PERSONAL COMPUTER 290 G3 SFF + OFFICE + MONITOR 24""";BNP 25;*;25;*;*;*;*;aperto
125;GOMMAUTO;;27/08/2024;01/10/2029;60;"PC DELL 3910 + MONITOR 21,5"" + SWITCH 8 PORTE + 1 SWITCH 4 PORTE + ARMADIO RACK + ACC + N.2 ACCESS POINT + SWITCH 16 PORTE + NAS QNAP + 2 DISCHI 1TB USATO";BNP 93;*;93;*;*;*;*;aperto
125;GOMMAUTO;A1G14196;17/07/2025;01/10/2030;60;EPSON WOKEFORCE EM - C 800 + 2 CASSETTI CARTA;BNP 80;*;80;2000;0.007;20;0.07;aperto
126;GRAND HOTEL SITEA  (seat);;01/09/2021;31/08/2026;60ESI;EPSON C 878;*;243.8;2438;10000;0.00655;2000;0.06551;aperto
126;GRAND HOTEL SITEA  (seat);A1F75433;28/01/2025;01/04/2030;60;EPSON C878 + C800 DOPPIO CASSETTO;BNP 300;*;300;11000;0.006;200;0.06;aperto
128;GROSSO RAG.GIOVANNA;14260338;23/09/2024;01/10/2029;60M;"IPHONE 14 PRO MAX 128GB (dal contratto di Guarracino) + N.2 NOTEBOOK DELL (I5 16 512) + N.2 ANTIVIRUS + IPAD 13"" WIFI + CELL 256GB + COVER + REKSAFE";IFIS 119,44 + INTERNO 80;;19944;;;;;aperto
129;GUARRACINO RAG.EZIO;A1D74634;30/05/2022;01/07/2027;60;"IMAC 24""";BNP 60;*;60;;;;;aperto
129;GUARRACINO RAG.EZIO;A1E28632;23/02/2023;01/03/2028;60;MAC BOOK PRO 16 (16GB + 512 MB) + IPHONE 14 PRO MAX 128GB;BNP 135;*;135;;;;;aperto
131;Geo Pluriservice Srl;;23/11/2023;01/01/2029;60;XEROX C415;BNP 49;*;49;500;0.0065;100;0.065;aperto
132;Gramsci Car Center Srl;;04/05/2023;01/06/2028;60;EPSON C579;IFIS 59;*;59;IN TANDEM CONTRATTI PRECEDENTI;0.007;IN TANDEM  CONTRATTO EPSON;0.07;aperto
132;Gramsci Car Center Srl;;27/02/2024;01/04/2029;60;N.3 EPSON C579;BNP 200;*;200;5000;0.007;0;0.07;aperto
132;Gramsci Car Center Srl;14209002;31/12/2024;01/02/2030;60;EPSON EM-C800 + EPSON WF-5899;IFIS 180;*;180;13000;0.007;500;0.07;aperto
134;HUB09 SRL;;01/07/2022;01/07/2027;60ESI;N.2 XEROX C405;IFIS 300;*;300;2000;0.01272;900;0.1378;aperto
136;I.T.E.L. IMPIANTI S.A.S. DI TALO' ANTONIO C. SAS;;01/08/2020;01/08/2025;60;"XEROX 722X + HP ProDesk 400G6+Monitor 24""+Office+ Nas Synology DS218 con 2HD 1tera+ Cloud Backup 500GB";IFIS 178;;178;1300;0.00601;800;0.04908;aperto
136;I.T.E.L. IMPIANTI S.A.S. DI TALO' ANTONIO C. SAS;;;;;6 licenze panda;*;240 ANNO;240;;;;;aperto
136;I.T.E.L. IMPIANTI S.A.S. DI TALO' ANTONIO C. SAS;14229076;24/06/2025;25/06/2030;60;"XEROX C8035 (USATA) + HP PC 290 G9 + HARD DISK 1TB + ESTENSIONE + OFFICE + MONITOR 24"" + NAS SYNOLOGY DS 218 (USATO VECCHIO CONTRATTO) + N.2 TELECAMERE + SWITCH POE 4 PORTE";IFIS 180;;180;2300;0.0055;800;0.045;aperto
136;I.T.E.L. IMPIANTI S.A.S. DI TALO' ANTONIO C. SAS;;;;;6 licenze panda;*;;240;;;;;aperto
138;ICS Technical And Services SRL;;;;*;e un nostro competitor che ci passa lavori su telefonia e cablaggio;;;;;;;;aperto
139;IF3P;;;;*;CONTRATTO CENTRALINO;;;;;;;;aperto
140;IMBALLAGGI CA.TI. SRL;A1F35431;02/07/2024;01/10/2029;60;"EPSON C579 + HP PROTOWER 400 G9 + MONITOR 24"" + OFFICE + ANTIVIREUS VECCHI CONTRATTO";BNP 70;*;70;500;0.00954;100;0.0954;aperto
140;IMBALLAGGI CA.TI. SRL;12742927;01/04/2025;01/04/2030;60;HP NOTEBOOK 250 G10 + DOCKING + ANTIVIRUS + OFFICE (RECUPERATO) + ESTENSIONE;GRENKE 25;*;25;;;;;aperto
143;IMMOBILITALIANI DI LUIGI RAPETTI / BAVERA;;01/09/2021;31/08/2026;60;CENTRALINO INCLOUD 50% CON RES + N.9 TELEFONI SCRIVANIA + N.2 TELEFONI POST OPERATORE + SWITCH POE;;185;185;*;*;*;*;aperto
143;IMMOBILITALIANI DI LUIGI RAPETTI / BAVERA;;01/10/2021;30/09/2026;60;"MAC BOOK PRO TBAR 16"" + MAC BOOK AIR 13"" + N.2 OFFICE";*;80;80;*;*;*;*;aperto
143;IMMOBILITALIANI DI LUIGI RAPETTI / BAVERA;;01/08/2021;01/08/2026;60;"N.2 IMAC 21,5"" + OFFICE + XEROX 7220 USATA (MATERIALE CONSEGNATO A MILANO) + N.2 IMAC 21,5"" + OFFICE + C7025 V_T + PS3 + 7225 USATA  + PS3 (MATERIALE CONSEGNATO A BUCCINASCO) - OTTOBRE 2021 ARRIVATA FATTURA COSTO RIACQUISTO BENI FINE NOLEGGIO";HP 240;;240;;8000;0.00848;1700;aperto
143;IMMOBILITALIANI DI LUIGI RAPETTI / BAVERA;;;;*;PROGETTO VOCI E DATI - FATTURA FIBERWIDE;;*;;;;;;aperto
144;IMOOD ITALIA SRL;;31/05/2023;31/05/2028;60;N.2 SAMSUNG GALAXY ZFOLD 4 256GB;BNP 60;;60;;;;;aperto
144;IMOOD ITALIA SRL;A1F50035;08/10/2024;01/11/2029;60;EPSON C878;BNP 90;;90;4000;0.006;1000;0.06;aperto
145;IMSER SPA;;17/03/2021;01/04/2026;60;HP SERVER PROLIANT ML350 G10 + RAM 32 GB + 3 HD DA 1TB+ 2 ALIMENTATORI +UPS + ESTENSIONE 60 M;BNP 95;*;95;*;*;*;*;aperto
145;IMSER SPA;;19/10/2021;01/01/2027;60;EPSON C579;BNP 59;*;59;1000;0.015666;100;0.123095;aperto
146;INTERPROFGROUP SRL;A1E31673;21/03/2023;01/04/2028;60;SAMSUNG GALAXY ZFOLD 4 256GB (sostituito con Zfold 6 - non stornato ok fabio 17/01/2025)+ SAMSUNG GALAXY S23 256GB + NOTEBOOK ACER + OFFICE + ANTIVIRUS;BNP 120;*;120;*;*;*;*;aperto
146;INTERPROFGROUP SRL;A1F70836;16/01/2025;01/02/2030;60;"MSI CUBI PC NUC + TV LG 55"" + SOUNDBAR POLYCOM R30 + LG 27"" STAND BYME + GALAXY ZFLD 6 ROSA 512GB";BNP 185;*;185;*;*;*;*;aperto
146;INTERPROFGROUP SRL;A1G10285;10/07/2025;01/08/2030;60;N.2 ENTERPRISE AM-C4000 + 2 CASSETTI + STAND + EM-C800 ( CASA PANTE);BNP 370;*;370;10000;0.008;1000;0.08;aperto
147;ISTITUTO SOLFERINO SRL;;01/04/2024;;PACCHETTO ORE;PACCHETTO ASSISTENZA N.10 ORE ON SITE + REMOTO - COSTO ORE EXTRA  60,00;;;VENDITA500;;;;;aperto
147;ISTITUTO SOLFERINO SRL;;01/05/2024;;;N.5 OFFICE 365 + N.1 CASELLA SOLA POSTA;;845 ANNO;700ANNO;;;;;aperto
147;ISTITUTO SOLFERINO SRL;;;;*;ASSISTENZA SITO CIRENEAPARTMENTS.IT;;200 ANNO;200ANNO;;;;;aperto
147;ISTITUTO SOLFERINO SRL;;;;*;ASSISTENZA SITO SIGERIRESIDENCE.IT;;200 ANNO;200Anno;;;;;aperto
147;ISTITUTO SOLFERINO SRL;;;;*;ASSISTENZA SITO CIRENEAPARTMENTS.IT;;;200ANNO;;;;;aperto
147;ISTITUTO SOLFERINO SRL;;;;*;ASSISTENZA SITO SIGERIRESIDENCE.IT;;;200Anno;;;;;aperto
149;ITALFEM GROUP SRL;;01/11/2020;31/10/2025;60;APPLE IPAD PRO 11 lasciato al cliente;;20;20;*;*;*;*;aperto
149;ITALFEM GROUP SRL;;01/08/2021;31/07/2026;60;N.1 MAC BOOK AIR 13 + OFFICE + APPLE CARE ( da febbraio 2024 come da accordi con Luca riduciamo la rata);;27.5;275;*;*;*;*;aperto
149;ITALFEM GROUP SRL;;01/12/2022;;RINNOVO AUTOMATICO;GOOGLE APPS MIGRAZIONE CASELLA MAIL l.tavano@italfemgroup.it;;65 ANNO;65ANNO;*;*;*;*;aperto
149;ITALFEM GROUP SRL;;01/06/2024;31/05/2029;60;N2 EPSON C579 USATE + CENTRALINO S20 USATO +N.4 TELEFONI + 1 CORDLESS + RILEVATORE PRESENZE + N.10 BADGE - MODIFICATA RATA DA  138 AD  142  PER CONSEGNA 09/02/2024 N.1 TELEFONO AGGIUNTIVO;;142;142;IN TANDEM CONTRATTO PRECEDENTE;0.008446;IN TANDEM CONTRATTO PRECEDENTE;0.084456;aperto
149;ITALFEM GROUP SRL;;01/08/2024;31/07/2029;60;IPHONE 15 PRO 256 GB BLACK TITANIUM + REC SAFE;;30;30;;;;;aperto
149;ITALFEM GROUP SRL;;01/11/2024;31/10/2029;60;IPHONE 16 PRO 256GB TITANIO NERO;;35;35;;;;;aperto
149;ITALFEM GROUP SRL;;01/01/2025;31/12/2030;60;"HP PLOTTER DESIGNJET T630 (5 KIT COMPRESI) + GALAXY S24 ULTRA 256GB + MAC BOOK PRO 16""";;190;190;;;;;aperto
149;ITALFEM GROUP SRL;;01/07/2025;30/06/2030;60;"IPAD PRO 13"" WIFI + CELL 256GB + TASTIERA + RECK SAFE - OK FABIO SI LASCIA AL CLIENTE";;35;35;;;;;aperto
149;ITALFEM GROUP SRL;;01/07/2025;;60;IPAD PRO 13 256GB WIFI + CELL + TASTIERA + RECK SAFE;;35;35;;;;;aperto
149;ITALFEM GROUP SRL;;01/08/2025;31/07/2030;60;N.2 IPAD 11 WIFI + CELL 128GB (SILVER+ BLU) + N.2 MAGIC CAIBOARD + N.2 RECK SAVE;;45;45;;;;;aperto
151;ITSRIGHT SRL;;01/07/2021;;48 NOLEGGIO INTERNO GIA' EMESSA FATTURA VENDITA;N.7 ELITEBOOK 850 G7 + N.5 OFFICE H&B + N.2 OFFICE PROFESSIONAL;;202/ MESE;202;;;;;aperto
151;ITSRIGHT SRL;;17/03/2022;01/04/2027;60;CENTRALINO YAESTAR P550 + LICENZA LINKUSS 5Y;BNP 70;*;70;;;;;aperto
151;ITSRIGHT SRL;;01/04/2022;;48 NOLEGGIO INTERNO GIA' EMESSA FATTURA VENDITA;HP 250 G8 + OFFICE PRO 2021 + BORSA + CUSTODIA;;27/ MESE;202;;;;;aperto
151;ITSRIGHT SRL;;01/05/2022;;48 NOLEGGIO INTERNO GIA' EMESSA FATTURA VENDITA;HP 250 G8 + OFFICE PRO 2021 + BORSA + CUSTODIA;;27/ MESE;202;;;;;aperto
151;ITSRIGHT SRL;;01/08/2022;;48 NOLEGGIO INTERNO GIA' EMESSA FATTURA VENDITA;ELITEBOOK 850 G8 + OFFICE H&B 2021 + BORSA + CUSTODIA;;33,75/ MESE;202;;;;;aperto
151;ITSRIGHT SRL;;27/08/2024;01/10/2029;60;N.4 NOTEBOOK DELL 3440 + OFFICE 365 + GARANZIA 60 M;BNP 156;;156;;;;;aperto
151;ITSRIGHT SRL;A1F55425;14/11/2024;01/01/2030;60;N.2 NOTEBOOK DELL 3440 + OFFICE 365 + GARANZIA 60 M;BNP 78;;78;;;;;aperto
153;India Trading Srl;;22/06/2020;01/07/2025;60;SERVER HP PROLIANT ML350G10 ( RAM 32 + 3 X 960GB SSD + 2 SCHEDE RETE + 2 ALIMENTATORI + WINSRDSTD2019 + 10 CLIENT + SISTEMA OPERATIVO ) + HP SWITCH 253048P + VMWARE VSPHERE6 ESSENTIAL + 1 ANNO ASSISTENZA + NOTEBOOK I7 + HP PERSONAL COMPUTER I5 + MONITOR + OFFICE;BNP 180;*;180;*;*;*;*;aperto
153;India Trading Srl;;01/10/2020;01/10/2025;60;"N.10 TELECAMERE + N.7 SCATOLE DI GIUNZIONE + N.1 NVRIP32CH + N.1 HARD DISK 3 TB + SWITCH 24 PORTE + ITREC NETWORK 19"" + TV 49""";GRENKE 110;*;110;*;*;*;*;aperto
153;India Trading Srl;;06/04/2021;01/07/2026;60;"MAC BOOK PRO TBAR 16"" + OFFICE";BNP 60;*;60;*;*;*;*;aperto
153;India Trading Srl;;01/12/2022;;VENDITA;NVR 16 CANALI + N.3 TELECAMERE BULLET + N.9 TELECAMERE DOME + SWITCH + ACCESSORI;VENDITA;*;VENDITA;*;*;*;*;aperto
153;India Trading Srl;;06/04/2023;01/07/2028;60;"EPSON AM-C4000 + HP PRODESK 400 G9 + SCHEDA WIFI + MONITOR 24"" + PISTOLA BARCODE +";BNP 260;*;260;150000 ANNO;0.009501;11000 ANNO;0.095013;aperto
153;India Trading Srl;;18/05/2023;01/07/2028;60;"CENTRALINO S20 + 3 TELEFONI + 7 CORDLESS + 2 TELECAMERE + 2 SWITCH + 2 MEDIA CONVERTER + 2 MODULO OTTICO +2 BRETELLE OTTICHE + 2 EXTENDER + 2 TV 50"" + 2 STAFFE X TV";BNP 75;*;75;;;;;aperto
153;India Trading Srl;;21/09/2023;01/10/2028;60;"PC DELL + OFFICE + MONITOR 24""";BNP 25;*;25;;;;;aperto
153;India Trading Srl;14119769;27/10/2023;01/11/2028;60;(n.2 EPSON C579 (1 usata)  + N.6 ACCESS POINT + PC HP 290 G9 + MONITOR + OFFICE NUOVO ) + (EPSON C529 ritirata 20/10/2025  + PC + MONITOR + OFFICE USATI);IFIS 140;*;140;IN TANDEM CONTRATTO PRECEDENTE;;IN TANDEM CONTRATTO PRECEDENTE;;aperto
153;India Trading Srl;;01/02/2024;31/01/2029;60;XEROX B600 ( USATA) + 1 TELEFONO T42U;;20;20;500;0.009;;;aperto
153;India Trading Srl;;01/05/2024;30/04/2029;60;HP PC + MONITOR + OFFICE + ANTIVIRUS;;20;20;;;;;aperto
153;India Trading Srl;A1F52901;11/10/2024;01/01/2030;60;"N.2 MACBOOK PRO 14"" + RECSAFE";BNP 130;;130;;;;;aperto
153;India Trading Srl;14202438;18/11/2024;01/12/2029;60;HP NOTEBOOK ZETABOOK G11 I9 + DELL NOTEBOOK I7 + N.2 OFFICE + N.2 BORSE NOTEBOOK + SSD ESTERNO 1TB + SEDIA UFFICIO;IFIS 75;;75;;;;;aperto
153;India Trading Srl;14220975;27/03/2025;01/04/2030;60;HP SERVER ML 350 G11 ( RAM 64GB + N.3 HD 960 GB + DOPPIO ALIMENTATORE + WINDOWS SERVER 2022 + N.10 CALL + ESTENSIONE ) + UPS X SERVER + CIABATTA UPS + SWITCH REC 16 PORTE (HP SWITCH 253048P + NOTEBOOK I7 + HP PERSONAL COMPUTER I5 + MONITOR + OFFICE vecchio contratto Bnp);IFIS  190;*;190;*;*;*;*;aperto
153;India Trading Srl;127-43044;01/04/2025;01/04/2030;60;"EPSON C579 (RIGENERATA) + N.2 PC PRO TOWER 290 G9 + MONITOR 27"" + IPAD 11 PRO 256GB WIFI + CELL + IPHONE 16 PRO 2566GB + ESTENSIONE + OFFICE + N.2 UPS + N.2 NAS CON 2 DISCHI 2TB CAD (RIGENERATO) + ET60 TABLET ZEBRA RUGGED + ACC";GRENKE 140;*;140;*;*;*;*;aperto
153;India Trading Srl;A1G08739;27/06/2025;19/07/2030;60;"HP PC PRO TOWER 290 G9 + MONITOR 24"" + OFFICE + PANDA";BNP 22;*;22;*;*;*;*;aperto
153;India Trading Srl;;01/10/2025;;60M;"EPSON ENTERPRISE C20600 + EPSON C579 (USATE) + NVR (USATO VECCHIO CONTRATTO) + N.18 TELECAMERE + PC HP + MONITOR 24"" + OFFICE + PANDA";GRENKE;;420;5000 ANNO IN TANDEM;0.009501;10000 ANNO IN TANDEM;0.095013;aperto
154;JGV ELETTRO S.R.L.;;;;*;centralino telefonico Panasonic Tda30;;;;;;;;aperto
156;L'Ortopedia snc di Ferloni Massimo.;;10/02/2021;01/03/2026;60;"EPSON C878 + C579 + N.2 IPAD PRO 11 128GB + 1 IPHONE SE 64GB + HP PC 260 G4 MINI + MONITOR 24""( + STRUCTURE SENSOR MARK II--ritirato)";IFIS 170;*;170;1500;0.00424;200;0.0424;aperto
156;L'Ortopedia snc di Ferloni Massimo.;777652;06/04/2022;01/05/2027;60;"ASUS VIVOBOOK  + Mac book air 13,3"" + HP PROBOOK 450 G8 + N.2 OFFICE H&B 2021";IFIS 75;*;75;*;*;*;*;aperto
156;L'Ortopedia snc di Ferloni Massimo.;14068567;21/12/2022;01/01/2028;60;"WORKSTATION + MONITOR 27"" LENOVO + OFFICE";IFIS 45;*;45;*;*;*;*;aperto
156;L'Ortopedia snc di Ferloni Massimo.;14217914;01/03/2025;01/03/2030;60;"EPSON C878 + C579 (USATA VECCHIO CONTRATTO) + HP MINI PC + MONITOR 24"" + OFFICE (VECCHIO CONTRATTO) + IPAD 11 256GB + DELL NOTEBOOK I7 16GB + TV 50"" + TV 65"" + STAFFE + CAVO HDMI ( RIMANE DA VECCHIO CONTRATTO 1 IPAD + 1 MONITOR 24"")";IFIS 240;*;240;2000;0.006;800;0.06;aperto
157;L.G.M. SRL;;01/05/2024;30/04/2029;60;DAHUA DVR 32 CANALI COMPLETO HD + CONVERTITORE VIDEO;;50;50;;;;;aperto
161;LAURA FOOD SRL;A1C61615;12/02/2021;01/04/2026;60;EPSON WF C579;BNP 90;*;90;2000;0.008953;200;0.089523;aperto
161;LAURA FOOD SRL;;29/09/2021;01/10/2026;60;EPSON C579 + N.2 HP PC 400 G7 + MONITOR + OFFICE;BNP 90;*;90;1000;0.008953;100;0.089523;aperto
161;LAURA FOOD SRL;;16/02/2022;01/04/2027;60;EPSON COLORWORKS CW-C6000PE + KIT CARTUCCE (STAMPANTE PER ETICHETTE);BNP 120;*;120;*;*;*;*;aperto
161;LAURA FOOD SRL;;20/03/2024;01/04/2029;60;HP SERVER REC PROLIANT DL360 G11 (RAM 128GB + 2 HD 480 + 6 HD 960 + DOPPIO ALIMENTATORE + 2 WINDOWS SERVER STANDARD 2022 + 5 CALL SERVER STANDARD 2022 + 3 WINDOWS SERVER 2022 REMOTE DESKTOP + 1 SQL SERVER 2022 + 1 CALL SQL SERVER) + VEEAM BACK UP + MICROSOFT HYPER-V + GRUPPO CONTINUITA 1500 VA + SYNOLOGY DS 224 + COMPLETO 2 HD 4 TB;BNP 330;*;330;*;*;*;*;aperto
161;LAURA FOOD SRL;A1F36731;23/07/2024;01/10/2029;60;"HP SERVER RACK PROLIANT DL360 G11 + N.2 HP PC 290 G9 + N.2 MONITOR 23,8"" + N.10 ACCESS POINT ENGINIUS + (N.2 OFFICE + MERAKI MX64 + ARMADIO REC + HP PROBOOK 450G7 VECCHIO CONTRATTO)";BNP 395;*;395;*;*;*;*;aperto
161;LAURA FOOD SRL;A1F46108;15/10/2024;01/01/2030;60;N.1 FIREWALL UBIQUITY PRO MAX + 20 UBIQUITY FIREWALL UNIFI + 20 SWITCH 5 PORTE;BNP 145;*;145;*;*;*;*;aperto
161;LAURA FOOD SRL;A1F57857;29/10/2024;01/01/2030;60;UANIA BOX PRO + UPGRADE IP AGGIUNTIVI + LICENZA 5Y + IP PUBBLICO AGGIUNTIVO 5Y;BNP 80;*;80;*;*;*;*;aperto
161;LAURA FOOD SRL;12742846;01/04/2025;01/04/2030;60;EPSON C579;GRENKE 60;*;60;500;0.007;100;0.07;aperto
161;LAURA FOOD SRL;127-43431;01/07/2025;01/07/2030;60;HP SERVER RECK PROLIANT DL 360 G11 (RAM 64GB + 3 HD 960 GB + 2 ALIMENTATORI + WINDOWS SERVER STANDARD 2022 16 CORE + SQL SERVER 2019 STANDARD + N.3 CALL SQL) + UPS 900 WATT + NAS SYNOLOGY DS224+ CON 2 HD 4 TB + SWITCH 16 PORTE POE;GRENKE 205;*;205;;;;;aperto
161;LAURA FOOD SRL;A1G12713;18/07/2025;01/10/2030;60;"EPSON EM-C800 + N.2 HP PC 400 G9 + MONITOR 27"" + WEBCAM + MONITOR 24"" + OFFICE STANDARD 2024";BNP 140;*;140;2000;0.008953;200;0.089523;aperto
163;LD Fasteners Srl;592489;01/11/2020;01/11/2025;60;EPSON WORKFORCE C878 + STAND;IFIS 115;*;115;2000;0.010071;200;0.100714;aperto
163;LD Fasteners Srl;;17/12/2020;01/01/2026;60;NOTEBOOK MSI CREATOR 15 - come da accordi con Fabio si chiude a naturale scadenza - non trovano i beni;BNP 48;*;48;;;;;aperto
163;LD Fasteners Srl;;22/05/2022;01/06/2027;60;N.2 HP LASER JET 50145 DN + C405(usata vecchio contratto) + IPHONE 13 PRO 512 GB + N.2 IPHONE 13 PRO 256GB + IPHONE 13 PRO 256GB (NO DDT);IFIS 350;*;350;10000;0.010967;100;0.109666;aperto
163;LD Fasteners Srl;;01/04/2024;31/03/2029;60;SAMSUNG GALAXY S24 ULTRA 12 + 512GB;*;30;30;*;*;*;*;aperto
163;LD Fasteners Srl;A1F47564;25/10/2024;01/01/2030;60;N.4 IPHONE 16 PRO 512 GB + IPHONE 16 PRO 256GB + IPHONE 16 PRO MAX 1TB + REC SAFE TUTTI TEL.;BNP 220;;220;*;*;*;*;aperto
163;LD Fasteners Srl;A1F59694;22/11/2024;01/01/2030;60;"APPLE MAC BOOK PRO 14 (DISPLAY LIQUID RETINA XDR 14"" + 2 SSD 2TB + RAM 24GB ) + ESTENSIONE";BNP 70;;70;*;*;*;*;aperto
163;LD Fasteners Srl;A1F67937;12/12/2024;01/01/2030;60;"MAC BOOK AIR 15""+ estensione";BNP 40;;40;*;*;*;*;aperto
163;LD Fasteners Srl;12743008;01/04/2025;01/04/2030;60;SAMSUNG GALAXY S25 ULTRA 512 GB + ESTENSIONE;GRENKE 35;;35;*;*;*;*;aperto
163;LD Fasteners Srl;14234048;01/05/2025;01/05/2030;60;EPSON C879;IFIS 150;;150;2000;0.01;500;0.1;aperto
164;LD GLOBAL FASTENERS SRL;;;;;"PC ASSEMBLATO (CPU: AMD RYZEN 7 3700X - SK.MADRE : ROG STIX X570 - F GAMING - SK.GRAFICA RTX2080 SUPER - HD: N.1 DA 4TD + N.1 SST 512 CP - CASE: CORSAIR GRAPHITE - ALIMENTATORE 750W - DISSIPATORE CON 2 VENTOLE - RAM 64GB - WINDOWS 10 HOME) + N.1 IPHONE12 PRO 512GB + APPLE CARE + N.1 PC HP (PS5) + N.1 JOG FORMA LED + TECNIGYM BIKE LIVE + HP MONITOR 24.5""";*;*;VENDITA;;;;;aperto
164;LD GLOBAL FASTENERS SRL;;09/09/2022;01/10/2027;60;N.2 NOTEBOOK DELL VOSTRO 3510;BNP 35;*;35;;;;;aperto
164;LD GLOBAL FASTENERS SRL;;;;;IPHONE 11 256 GB BLACK;;;VENDITA;;;;;aperto
164;LD GLOBAL FASTENERS SRL;;;;;"PC ASSEMBLATO (CPU: AMD RYZEN 7 3700X - SK.MADRE : ROG STIX X570 - F GAMING - SK.GRAFICA RTX2080 SUPER - HD: N.1 DA 4TD + N.1 SST 512 CP - CASE: CORSAIR GRAPHITE - ALIMENTATORE 750W - DISSIPATORE CON 2 VENTOLE - RAM 64GB - WINDOWS 10 HOME) + N.1 IPHONE12 PRO 512GB + APPLE CARE + N.1 PC HP (PS5) + N.1 JOG FORMA LED + TECNIGYM BIKE LIVE + HP MONITOR 24.5""";*;;VENDITA;;;;;aperto
165;LUG PRINCE & DECKER SRL (LPD);14251287;01/10/2025;;60;XEROX C7125  + N.2 EPSON EM-C800 + N.2 EPSON WF-M5399;IFIS 260;;260;4700;0.006;1000;0.06;aperto
166;M.Z Sas di Ivan Zanini & C;A1C64934;10/03/2021;01/04/2026;60;XEROX ALTALINK C8135 V_F;BNP 340;*;340;2000;0.00848;1500;0.0742;aperto
166;M.Z Sas di Ivan Zanini & C;;15/09/2023;01/10/2028;60;"HP WORKSTATION Z2 G9 TOWER + MONITOR 27""";BNP 40;*;40;;;;;aperto
166;M.Z Sas di Ivan Zanini & C;;20/05/2024;01/06/2029;60;"HP WORKSTATION Z1 G9 (I9 32GB SSD 1TB SCHEDA GRAFICA 12TB) + ESTENSIONE 5Y + HP MONITOR 27"" + OFFICE H&B 2021 + MASTERIZZATORE DVD ESTERNO";BNP 45;*;45;;;;;aperto
166;M.Z Sas di Ivan Zanini & C;A1G23570;01/10/2025;;60M;XEROX C8235 ASP;BNP;;340;2000;0.008;1500;0.07;aperto
167;MA.VE BUILDING & DESIGN SRL;A1F00768;25/01/2024;01/04/2029;60;SAMSUNG GALAXY ZFOLD 5 1TB;BNP 55;;55;;;;;aperto
167;MA.VE BUILDING & DESIGN SRL;;08/04/2024;01/05/2029;60;N.10 SCRIVANIE + N.7 SEDIE +N.4 CASSETTIERE + N.6 ARMADI + N.5 TELEFONI YEALINK + 1 CORDLESS +N.2 ACCESS POINT + SWITCH 24 PORTE + RIPETITORE SEGNALE;BNP 580;;580;;;;;aperto
167;MA.VE BUILDING & DESIGN SRL;;01/04/2024;;RINNOVO AUTOMATICO;REGISTRAZIONE DOMINIO ( HOSTING + POSTA ) MAVE-SRL.COM + GRUPPOMACOSPA .COM;;;;;;;;aperto
167;MA.VE BUILDING & DESIGN SRL;;01/11/2024;;RINNOVO AUTOMATICO;AUMENTO SPAZIO da 1GB A 5 GB SU MAIL amministrazione@gruppomaco.com;;10 anno;10anno;;;;;aperto
167;MA.VE BUILDING & DESIGN SRL;;01/12/2024;;RINNOVO AUTOMATICO;AUMENTO SPAZIO da 1GB A 5 GB SU MAIL commerciale@gruppomaco.com - amministrazione@mave-srl.com - ing.nesuraca@mave-srl.com;;30 anno;30anno;;;;;aperto
167;MA.VE BUILDING & DESIGN SRL;;01/01/2025;;RINNOVO AUTOMATICO;AUMENTO SPAZIO da 1GB A 5 GB SU MAIL francesco.dimaggio@gruppomaco.com;;10 anno;10anno;;;;;aperto
167;MA.VE BUILDING & DESIGN SRL;127-43610;01/06/2025;01/06/2030;60;"CENTRALINO P520 (EX OMZ) + N.5 TEL.T43O + N.5 HP PROTOWER 400 G9 + N.2 HP WORKSTATION Z2 G9 + N.7 OFFICE STANDARD 2024 + N.7 PANDA ANTIVIRUS + N.10 MONITOR 27"" + UBIQUITI FIREWALL + UBIQUITY SWITCH 24 PORTE POE + NAS SYNOLOGY DS224 PLUS + N.2 DISCHI 2TB + HP PLOTTER DESIGNJET T630 + XEROX C7125 V_S + IPHONE 16 PRO 128GB";GRENKE 445;;445;;;;;aperto
167;MA.VE BUILDING & DESIGN SRL;;01/06/2025;;RINNOVO AUTOMATICO;AUMENTO SPAZIO da 5GB A 10 GB SU MAIL commerciale@gruppomaco.com + AUMENTO SPAZIO da 5GB A 10 GB SU MAIL amministrazione@gruppomaco.com;;20 ANNO;20ANNO;;;;;aperto
167;MA.VE BUILDING & DESIGN SRL;;01/06/2025;;;CREAZIONE N.2 CASELLE MAIL : nigel.carchi@gruppomaco.com - alessio.magni@mave-srl.com;;;;;;;;aperto
171;MARKEN ITALY S.R.L. (HRTL LOGISTIC SRL);A1C23481;29/10/2020;01/01/2026;60;ENTERPRICE WF-C17590 + XEROX VL C7025(vecchio contratto) + EPSON C869(USATA);BNP 435;*;435;14000;0.006715;1000;0.067143;aperto
174;MCCM SAS;;10/07/2020;01/10/2025;60;HP PROBOOK 450 G7 + HP PRODESK 400 G6 MT + N.2 OFFICE + panda;BNP 45;*;45;*;*;*;*;aperto
176;METRON;;;;;COLLABORAZIONE;;;;;;;;aperto
178;MGM SRL;A1F77672;26/02/2025;01/03/2030;60;N.8 EM-C 800;BNP 250;;250;10000;0.006;150;0.06;aperto
183;Mane Italia Srl;;23/12/2019;01/01/2025;60;HP M507DN;TANDEM;*;TANDEM;1000;0.01484;*;*;aperto
184;Mesgo Iride Colors Srl;;01/07/2023;30/06/2028;60;EPSON C878 + STAND + 	2 cassetto 500 fogli (CONSEGNATA A GRIGNO);*;75;75;COPIE IN TANDEM;;COPIE IN TANDEM;;aperto
185;Milano Color Srl;;;;;N.3 PISTOLE TERMOSCANNER;;*;;;;;;aperto
185;Milano Color Srl;;14/12/2020;01/01/2026;60;IPHONE 12 PRO MAX 256GB(1 pixma canon per figlio);IFIS 35;*;35;;;;;aperto
185;Milano Color Srl;;01/05/2021;;;N.2 HP SWITCH 1820 24P;*;*;400CAD;;;;;aperto
185;Milano Color Srl;;28/05/2021;01/07/2026;60;SERVER HP DL380 G7 USATO + SISTEMA OPERATIVO + 5 CALL + SOFTWARE TSPLUS;BNP 100;*;100;*;*;*;*;aperto
185;Milano Color Srl;;13/01/2022;01/01/2027;60;N.2 IPHONE 13 PRO MAX 128GB;IFIS  50;*;50;*;*;*;*;aperto
185;Milano Color Srl;;15/06/2022;01/07/2027;60;EPSON C579 + IPHONE 13 PRO 128 GB;BNP 65;*;65;1000 TANDEM EUROCOLOR;0.01484;100 TANDEM EUROCOLOR;0.1113;aperto
185;Milano Color Srl;;01/03/2023;01/04/2028;60;VECCHIO CONTRATTO (11 TELEFONI D725 - 1 TASTIERA D7 - CENTRALINO YEASTAR S50 - 2 ISDN BRI - MIKROTIK SWITCH 24 PORTE POE - MIKROTIK ROUTER )+ N.3 SURFACE LAPTOP 5 + 3 OFFICE + PANDA;IFIS 240;*;240;;;;;aperto
185;Milano Color Srl;;26/05/2023;01/07/2028;60;IPHONE 14 PRO 256GB;BNP 30;*;30;;;;;aperto
185;Milano Color Srl;;01/07/2023;;annuale con rinnovo autoatico;N.7 CASELLE MAIL;;280 ANNO;280ANNO;;;;;aperto
185;Milano Color Srl;;01/07/2023;;;MIGRAZIONE DOMINIO MILANOCOLOR.COM;;*;*;;;;;aperto
185;Milano Color Srl;;27/09/2023;01/10/2028;60;EPSON ENERPRISE AM-C4000;BNP 150;*;150;3000;0.01428;500;0.1071;aperto
185;Milano Color Srl;;28/02/2024;01/04/2029;60;N.2 PC HP 290 G9 SFF + N.2 PC PRO TOWER 290 G9 + N.4 OFFICE + XEROX C415 + N.2 EPSON C5790 USATE VECCHIO CONTRATTO;BNP 200;*;200;1500;0.015666;200;0.111904;aperto
185;Milano Color Srl;;01/01/2023;;RINNOVO ANNUALE;AUMENTO SPAZIO GIGAMAIL A 5GB (cristian ambrosecchia);;50 anno;50anno;;;;;aperto
185;Milano Color Srl;;08/03/2024;01/04/2029;60;N. 2 PAPERTABLET REMARKABLE 2 + PENNINO + CUSTODIA;BNP 30;;30;;;;;aperto
185;Milano Color Srl;14196135;18/10/2024;01/11/2029;60;SURFACE LAPTOP 6;IFIS 40;;40;;;;;aperto
185;Milano Color Srl;A1F47314;10/10/2024;01/01/2030;60;2 IPHONE 16 PRO 128GB + IPHONE 16 PRO MAX 256GB;BNP 90;;90;;;;;aperto
185;Milano Color Srl;14214306;28/12/2024;01/01/2030;60;IPAD AIR WIFI + CELL 256GB + RECSAFE;IFIS 30;;30;;;;;aperto
185;Milano Color Srl;;;;*;SWITCH;VENDITA;;;;;;;aperto
185;Milano Color Srl;;;;;N.3 PISTOLE TERMOSCANNER;;;;;;;;aperto
187;NEDA SRLS (CONTATTO ITALFEM);;01/04/2022;31/03/2027;60;"MAC BOOK PRO 14"" + OFFICE + ESTENSIONE";;50;50;;;;;aperto
187;NEDA SRLS (CONTATTO ITALFEM);;01/08/2021;31/07/2026;60;MAC BOOK AIR 13 + ESTENSIONE;;20;20;;;;;aperto
187;NEDA SRLS (CONTATTO ITALFEM);;01/01/2026;31/12/2030;60M;N.2 IPHONE 17 PRO 256GB (SILVER+ARANCIONE) + RECSAFE + N.2 APPLE WATCH ULTRA (VECCHIO CONTRATTO);;150;150;;;;;aperto
189;NESI DOTT. (STUDIO ELLECI);;25/09/2023;01/10/2028;60M;HP PROBOOK 450 G10 + OFFICE + FRITZ BOX;BNP 30;*;30;*;*;*;*;aperto
190;NEW AMIPELK;12742884;01/04/2025;01/04/2030;60;"EPSON EM-C800 + IPHONE 16 PRO 256 NERO + IPHONE 16 PRO MAX 256 TITANO SABBIA + RECKSAFE (PC HP 400 G7 + MONITOR 24"" + OFFICE + N.2 IPAD PRO 11 128GB VECCHIO CONTRATTO)";GRENKE 280;*;280;700;0.00768;200;0.0768;aperto
190;NEW AMIPELK;;30/10/2023;01/11/2028;60;HP SERVER ML30 G10 PLUS + SISTEMA OPERATIVO + ARMADIO RACK + SWITCH 24 PORTE + GRUPPO CONTINUITA' + ACCESSORI - ROUTER UANIA + LICENZA;BNP 400;*;400;;;;;aperto
195;OFFICINE COLOMBO;12743009;01/04/2025;01/04/2030;60;"HP PC PROTOWER 400 G9 + MONITOR 22""";GRENKE 30;;30;;;;;aperto
195;OFFICINE COLOMBO;12742859;01/04/2025;01/04/2030;60;HP SERVER PROLIANT ML110 G11 ( 64GB RAM + DOPPIO ALIMENTATORE + 3 HD 960 GB + WINDOWS SERVER STANDARD 2022) + CENTRALINO + 3 TELEFONI + 1 CORDLESS + SYNOLOGY + NAS + 2 HD 4TB + FIREWALL UBIQUITY + CRM;GRENKE 300;;300;;;;;aperto
195;OFFICINE COLOMBO;127-43241;01/07/2025;01/07/2030;60;"N.2 HP PROONE 440 G9 23.8"" AIO + OFFICE STANDARD 2024 + PANDA + ESTENSIONE";GRENKE 55;;55;;;;;aperto
195;OFFICINE COLOMBO;;01/10/2025;;60M;N.2 IPHONE 17 PRO MAX 256GB (NERO/ARANCIO) + RECSAFE +N.1 AIR PODS 3;GRENKE;;75;;;;;aperto
196;OMZ S.r.l.;;;;;N.1 PISTOLA TERMOSCANNER;;*;;*;*;*;*;aperto
196;OMZ S.r.l.;;;;;VIDEO CITOFONO SKYLINE;;*;;*;*;*;*;aperto
196;OMZ S.r.l.;A1C62420;09/03/2021;01/04/2026;60;N.4 EPSON C878 + N.2 EPSON C579 + DISTRUGGI DOCUMENTI;BNP 289;*;289;5000;0.007;1000;0.07;aperto
196;OMZ S.r.l.;A1F88444;14/04/2025;01/05/2030;60;"N.4 EPSON C879 2 CASSETTI + N.3 C800 + CENTRALINO + LICENZA LINKUS 5Y + N.2 TEL V64 + N.5 TEL V65 + VIDEOCITOFONO + MONITOR 7"" MAGAZZINO X CITOFONO + SIRENA MAGAZZINO + N.2 ALTOPARLANTI ( 1 VECCHIO CONTRATTO)";BNP 635;*;635;5000;0.007;3500;0.07;aperto
196;OMZ S.r.l.;;;;;N.1 PISTOLA TERMOSCANNER;;;;;*;*;*;aperto
196;OMZ S.r.l.;;;;;VIDEO CITOFONO SKYLINE;;;;;*;*;*;aperto
198;Officine Muzza Srl;;;;;"N.2 HP PRODESK 400 G7 + N.5 MONITOR HP 27"" + N.1 MONITOR ACER 27"" + N.2 OFFICE H&B 2019 + N.3 WEBCAM (OMAGGIO)";*;*;VENDITA;*;*;*;*;aperto
198;Officine Muzza Srl;A1E09684;24/11/2022;01/01/2028;60;HP WORKSTATION Z2 + OFFICE + N.2 LICENZE AUTOCAD LTE + HP PLOTTER T630 + N.5 KIT CARTUCCE + ARMADIO RACK + N.2 CENTRALINI + 1 TEL.FISSO + N.7 CORDLESS + SWITCH;BNP 335;*;335;*;*;*;*;aperto
198;Officine Muzza Srl;A1E95547;11/01/2024;01/04/2029;60;DELL NOTEBOOK WORKSTATION PRECISION 3480 + OFFICE H&B 2021;BNP 40;*;40;*;*;*;*;aperto
198;Officine Muzza Srl;A1F05120;21/02/2024;01/04/2029;60;"HP PC 450 G9 + MONITOR 22"" + OFFICE (N.2 MERAKI Z3 + LICENZA 3 ANNI + SWITCH 8 PORTE + HP MONITOR 27"" materiali vecchio contratto)";BNP 65;*;65;*;*;*;*;aperto
198;Officine Muzza Srl;A1F44360;28/08/2024;01/10/2029;60;N.2 NOTEBOOK ACER + ESTENSIONE;BNP 60;*;60;*;*;*;*;aperto
198;Officine Muzza Srl;;01/10/2024;30/09/2029;60;NAS SYNOLOGY COMPLETO N.2 HD 21TB + 1TB BACK UP IN CLOUD;;25;25;*;*;*;*;aperto
198;Officine Muzza Srl;A1F51483;03/10/2024;01/01/2030;60;DELL WORKSTATION PRECISIO 3460 SFF;BNP 35;;35;*;*;*;*;aperto
198;Officine Muzza Srl;A1G05430;23/06/2025;01/07/2030;60;EPSON C879 CORNEGLIANO + EPSON C878 PIEVE;BNP 220;*;220;2000;0.007;2000;0.07;aperto
198;Officine Muzza Srl;;;;;"N.2 HP PRODESK 400 G7 + N.5 MONITOR HP 27"" + N.1 MONITOR ACER 27"" + N.2 OFFICE H&B 2019 + N.3 WEBCAM (OMAGGIO)";*;;VENDITA;;*;*;*;aperto
199;Opera Diocesana Istituto San Vincenzo;;;;;centralino telefonico Panasonic Ncp1000. con circa 40 utenti;;;;;;;;aperto
200;PANTHEON.IT SRL  (FANTE);;;;;IMPLEMENTAZIONE CROSSBORDER;;;VENDITA;;;;;aperto
203;PEDRAZZINI GIANNI;;01/03/2022;28/02/2027;60;HP NOTEBOOK LAPTOP 15S + OFFICE;;25;25;;;;;aperto
205;PGM SRL;;08/05/2023;;;HP SERVER PROLIANT ML110 G10 ( N.2 HD 1TB + ESTENSIONE 36m + WINDOWS SERVER STANDARD 2019 + SQL2019);;;;;;;;aperto
205;PGM SRL;;01/06/2023;;12ESI RINNOVO AUTOMATICO;N.0 LICENZE AUTOCAD LT (15/04/2024 arrivata mail di non rinnovare autocad) + N.3 LICENZE ACROBAT PRO + N.29 LICENZE ACROBAT STANDARD + N.1 LICENZA ADOBE INDESIGN + N.26 LICENZE MICROSOFT PROJECT + N.5 LICENZE PHOTOSHOP + 1 LICENZA ILLUSTRATOR (0 LICENZE AUTOCAD VIEWER + 13 ADOBE VIEWER GRATUITE) + N.47 LICENZA OFFICE 365;;1846.65;184665;;;;;aperto
205;PGM SRL;;01/05/2023;;;N.4 LICENZE PANDA ANTIVIRUS + N.7 LUGLIO 2023 + N.5 AGOSTO + N.1 SETTEMBRE + N.6 NOVEMBRE 2023 + N.10 DCEMBRE  + N.1 GENNAIO 2024 + N.5 GENNAIO 2024 + N.1 GENNAIO 2024 + N.4 FEBBRAIO 2024 + 2 NOVEMBRE 2024 + 1 FEBBRAIO 2025 (TOTALE N.50);;;VENDITA;;;;;aperto
205;PGM SRL;;01/06/2023;;;N.20 LICENZE UPGR WINDOWS 11PRO;;;VENDITA;;;;;aperto
205;PGM SRL;;01/10/2024;30/09/2029;60;BACK UP IN CLOUD 2TB AGGIUNTIVI;;30;30;;;;;aperto
207;PROFIMED;;01/10/2024;01/02/2026;;AUMENTO COPIE COLORE VOSTRO ATTUALE CONTRATTO;;20;20;;0.006567;400;0.065665;aperto
207;PROFIMED;14157626;23/04/2024;01/05/2029;60;"HP NOTEBOOK 250 G10 + MONITOR DELL 24""estensione";IFIS 30;;30;;;;;aperto
207;PROFIMED;14172241;03/07/2024;01/07/2029;60;"HP NOTEBOOK 250 G10 + MONITOR DELL 24""+estensine";IFIS 30;;30;;;;;aperto
207;PROFIMED;14224467;25/02/2025;01/03/2030;60;N.2 HP NOTEBOOK 250 G10 + estensione;IFIS 50;;50;;;;;aperto
207;PROFIMED;14238122;24/04/2025;01/05/2030;60;"HP NOTEBOOK 250 G10 + MONITOR DELL 24""";IFIS 30;;30;;;;;aperto
207;PROFIMED;14251130;21/07/2025;01/08/2030;60;"N 3 HP NOTEBOOK 250 G 10 + N 3 DELL MONITOR 24""";IFIS 90;;90;;;;;aperto
207;PROFIMED;14252703;01/11/2025;;36;EPSON EM-C8100 + N.6 EPSON EM-C800 + MULETTO;IFIS 450;;450;12000;0.006;3100;0.06;aperto
209;PROVERA & C SAS DI MASSIMO PROVERA(ITAL NOLO);;15/12/2022;01/01/2028;60;AS400;BNP 100;;310;*;*;*;*;aperto
210;PUNTOCOM SRL (FONDAZIONE CARIPLO);;;;;INSTALLAZIONE PER CONTO DI EPSON;;;;;;;;aperto
211;QUICK SERVICES SRL ( CON.SE.A SRL);;20/07/2023;01/10/2028;60;N.5 HP PROTOWER 400 G9;BNP 75;;75;;;;;aperto
212;R.E.M. Ecologia S.r.l.;;01/04/2022;01/04/2027;60;EPSON C878 - CORSO SEMPIONE 270 20028 SAN VITTORE OLONA (VA);GRENKE  98;;98;1600;0.007834;1000;0.078333;aperto
212;R.E.M. Ecologia S.r.l.;;01/01/2023;01/01/2028;60;N.2 EPSON C579;GRENKE 200;;200;2000;0.007834;2500;0.078333;aperto
212;R.E.M. Ecologia S.r.l.;;01/12/2022;;12 RINNOVO AUTOMATICO;N.18 LICENZE MICROSOFT 365 BUSINESS STANDARD;;2592 anno;2592anno;;;;;aperto
212;R.E.M. Ecologia S.r.l.;;;;;IN DATA 12/03/2025 ARRIVATA MAIL X DISDETTA SEGUENTE CASELLA: katiaz;;;;;;;;aperto
212;R.E.M. Ecologia S.r.l.;;01/04/2023;;12 RINNOVO AUTOMATICO;N.1 LICENZE MICROSOFT 365 BUSINESS STANDARD (domenico@rem...);;144 ANNO;144ANNO;;;;;aperto
212;R.E.M. Ecologia S.r.l.;;01/12/2022;;12 RINNOVO AUTOMATICO;N.9 CASELLE EXCHANGE ONLINE;;648 ANNO;648ANNO;;;;;aperto
212;R.E.M. Ecologia S.r.l.;;01/07/2023;;12 RINNOVO AUTOMATICO;AUMENTO SPAZIO CASELLA MAIL DA 50 GB A 100 GB LOGISTICA@REMECOLOGIA.IT;;90;90;;;;;aperto
212;R.E.M. Ecologia S.r.l.;;01/01/2024;;12 RINNOVO AUTOMATICO;N.2 LICENZE MICROSOFT 365 BUSINESS STANDARD (domenico@rem...);;2880anno;288anno;;;;;aperto
212;R.E.M. Ecologia S.r.l.;;01/01/2024;;12 RINNOVO AUTOMATICO;N.1 LICENZE MICROSOFT 365 BUSINESS STANDARD (domenico@rem...);;144 ANNO CAD;144ANNOCAD;;;;;aperto
212;R.E.M. Ecologia S.r.l.;;01/04/2024;;12 RINNOVO AUTOMATICO;N.1 LICENZE MICROSOFT 365 BUSINESS STANDARD (stefania@rem...);;144 ANNO CAD;144ANNOCAD;;;;;aperto
212;R.E.M. Ecologia S.r.l.;;01/05/2024;;12 RINNOVO AUTOMATICO;N.1 LICENZE MICROSOFT 365 BUSINESS STANDARD (a.cattaneo@rem...);;144 ANNO CAD;144ANNOCAD;;;;;aperto
212;R.E.M. Ecologia S.r.l.;;01/07/2024;01/07/2029;60;EPSON C878 (2 CASSETTI + STAND) + HP LASERJET M507DN +  (YEASTAR CENTRALINO + N.2 TELEFONI FISSI SNOM D712 + N.1 CORDLESS vecchio contratto);GRENKE 330;;330;500;0.006;3000;0.06;aperto
212;R.E.M. Ecologia S.r.l.;;01/07/2024;01/07/2029;60;XEROX C400;*;;*;1500;0.006;*;;aperto
212;R.E.M. Ecologia S.r.l.;;01/01/2025;;12 RINNOVO AUTOMATICO;N.1 LICENZE MICROSOFT 365 BUSINESS STANDARD (r.leoni@rem...);;144 ANNO CAD;144ANNOCAD;;;;;aperto
212;R.E.M. Ecologia S.r.l.;;01/02/2025;;12 RINNOVO AUTOMATICO;N.1 LICENZE MICROSOFT 365 BUSINESS STANDARD (prenotazioni@rem...);;144 ANNO CAD;144ANNOCAD;;;;;aperto
212;R.E.M. Ecologia S.r.l.;;01/05/2025;;12 RINNOVO AUTOMATICO;N.1 LICENZE MICROSOFT 365 BUSINESS STANDARD (m.pertuolo@rem...);;144 ANNO CAD;144ANNOCAD;;;;;aperto
212;R.E.M. Ecologia S.r.l.;;01/09/2025;;12 RINNOVO AUTOMATICO;N.1 LICENZE MICROSOFT 365 BUSINESS STANDARD (l.gerosa@rem...);;144 ANNO CAD;144ANNOCAD;;;;;aperto
212;R.E.M. Ecologia S.r.l.;;;;*;TOTEM TERMOGRAFICO;;;*;;*;;*;aperto
212;R.E.M. Ecologia S.r.l.;;;;;IN DATA 12/03/2025 ARRIVATA MAIL X DISDETTA SEGUENTE CASELLA: katiaz;;;;;;;;aperto
216;RETI RUSCONI SRL;;23/02/2021;01/04/2026;60;HP SERVER PROLIANT DL20G10 (RAM 32GB-  N.3 HD 1TB -  N.2 ALIMENTATORI - DVD -  WINDOWS SERVER STANDARD 2019 + 10 CALL GARANZIA 60 MESI) cisco meraki z3 + licenza 5 anni;BNP 120;;120;;;;;aperto
216;RETI RUSCONI SRL;;07/07/2021;01/10/2026;60;EPSON C878 + WIFI EXTENDER;BNP 70;;70;;0.007834;;0.078333;aperto
216;RETI RUSCONI SRL;;27/09/2022;01/10/2027;60;EPSON C529;BNP 20;;20;;0.007834;;0.078333;aperto
216;RETI RUSCONI SRL;A1F88796;16/04/2025;01/07/2030;60;EPSON C879 2 CASSETTI + EPSON C800 + XEROX B410 + DISTRUGGIDOCUMENTI;BNP 197;;197;33000 ANNO;0.0065;8000 ANNO;0.065;aperto
218;RS STUDIO DI ROSA SCALERA;;29/11/2019;01/07/2026;78;XEROX C 405 + SERVER ML110G10 +RAM 32GB + N.3 HD 600 GB + DVD + DOPPIO ALIMENTATORE + ESSENTIAL 2019 + SISTEMA OPERATIVO + 1 SAMSUNG S10E 128GB + 1 IPHONE 11 PRO 256 GB + (N.2 IPHONE 8 + N. 1 I PAD lasciati dal vecchio noleggio  non segnati sul DDT) - N.1 PC HP800 G5 SFF (I5 8GB 256GB WIN 10) + PC HP 600 G3  (I5 8GB 256GB WIN 10) + 2 OFFICE;BNP 317,13;;31713;;1500;0.012309;300;aperto
219;RS STUDIO SRL;;18/03/2021;01/10/2026;66;EPSON ENTERPRICE WF-C20750 + 2 UPS (DOMINIO + ASUS ZENBOOK UX433 +  2 UPS+ 1 IPHONE + 1GALAXY NOTE + EPSON C579  + NAS+ 2 HD 2 TB + SWITCH + TELEFONI + N.9 PC + 10 OFFICE + 9 MONITOR + 10 ANTIVIRUS ) BENI USATI RIPORTATI DAI VECCHI NOLEGGI;IFIS 850;;850;;4000;0.007834;600;aperto
222;S.A.M. SRL;127-44128;01/10/2025;01/10/2030;60;"epson  workforce c 879 + ( N.2 PC HP 400 G7 +2 MONITOR 21,5"" + 2 OFFICE vecchio ctr)";GRENKE 300;;300;2000;0.015;1500;0.15;aperto
222;S.A.M. SRL;A1F51460;03/10/2024;01/01/2030;60;IPHONE 16 PRO MAX NERO 1TB + RACK SAFE;BNP 50;;50;;;;;aperto
224;SANITAS DIAGNOSTICA;;01/05/2022;;;IPHONE 13 256 GB + N.3 IPHONE 13 PRO 256 GB;;;VENDITA;;;;;aperto
225;SAVA SRL;A1G27884;01/10/2025;;60M;EPSON EM-C800;BNP;;49;500 TANDEM;0.0065;100 TANDEM;0.065;aperto
226;SAVEPA SRL;A1G07060;04/09/2025;01/10/2030;60;CENTRALINO YESTAR P 520 + N.7 TEL. T43U YEALINK;BNP 55;;55;*;*;*;*;aperto
227;SCILLIERI MICHELE;127-44212;01/08/2025;01/08/2030;60;EPSON EM-C800 + EPSON C579 (VECCHIO CONTRATTO s/n X576006001);GRENKE 60;;60;5000;0.006;0;0.06;aperto
231;SERVICE KEY SPA (Oceanica Italia Srl);;01/01/2023;01/01/2028;60;XEROX C7025 + FAX (USATA) TORINO;*;*;*;1250;0.007945;200;0.114354;aperto
231;SERVICE KEY SPA (Oceanica Italia Srl);;01/10/2020;01/10/2025;60;WORKCENTRE C7025  - IN USO A BRESCIA;IFIS 95;*;95;1000;0.007834;100;0.078333;aperto
231;SERVICE KEY SPA (Oceanica Italia Srl);;17/03/2021;01/04/2026;60;"MACBOOK PRO 13"" + APPLE CARE";BNP 55;*;55;*;*;*;*;aperto
231;SERVICE KEY SPA (Oceanica Italia Srl);;23/10/2021;01/01/2027;60;XEROX C7025 V_T + FAX + PS3 + N.6 SURFACE GO2LTE + TYPE COVER;BNP 320;;320;6000;0.007834;900;0.078333;aperto
231;SERVICE KEY SPA (Oceanica Italia Srl);;25/02/2022;01/04/2027;60;N.2 MICROSOFT SURFACE GO2LTE + TASTIERA + ESTENSIONE;BNP 40;;40;*;*;*;*;aperto
231;SERVICE KEY SPA (Oceanica Italia Srl);;26/09/2022;01/10/2027;60;MICROSOFT SURFACE GO2LTE + TASTIERA;BNP 20;;40;*;*;*;*;aperto
231;SERVICE KEY SPA (Oceanica Italia Srl);;10/11/2022;01/01/2028;60;MICROSOFT SURFACE GO2LTE + TASTIERA;BNP 20;;40;*;*;*;*;aperto
231;SERVICE KEY SPA (Oceanica Italia Srl);;29/11/2022;01/01/2027;48;IPAD PRO 11 512GB (APPLE PENCIL + MAGIC KAIBOARD) + IPHONE 14 PRO 256GB + APPLE CARE;BNP 105;;105;*;*;*;*;aperto
231;SERVICE KEY SPA (Oceanica Italia Srl);;29/09/2023;01/10/2028;60;XEROX C405 + STAND;BNP 85;;85;1500;0.00714;200;0.0714;aperto
231;SERVICE KEY SPA (Oceanica Italia Srl);;24/11/2023;01/01/2029;60;N. 3 MICROSOFT SURFACE GO2LTE + TASTIERA;BNP 60;;60;*;*;*;*;aperto
239;SMYTH SRL ARTI GRAFICHE;;09/09/2022;01/10/2027;;"HP PLOTTER DESIGNJET T630 36"" + ESTENSIONE + N.5 KIT CARTUCCE";BNP 90;;90;;;;;aperto
239;SMYTH SRL ARTI GRAFICHE;;01/06/2023;01/06/2028;;EPSON C878;IFIS 90;;90;3000;0.006;300;0.06;aperto
243;SORINI & MIGLIAVACCA SPA;A1C68383;17/03/2021;01/04/2026;60M;EPSON PRO  WF-C878;BNP 90;*;90;1000;0.008446;0;0.084456;aperto
243;SORINI & MIGLIAVACCA SPA;;04/03/2022;01/04/2027;60M;CENTRALINO + N.9 TELEFONI + N.16 INTERNI;BNP 90;*;90;*;*;0;*;aperto
243;SORINI & MIGLIAVACCA SPA;;18/01/2023;01/04/2028;60M;EPSON C529;BNP 42;*;42;300;0.008446;500;0.084456;aperto
243;SORINI & MIGLIAVACCA SPA;;04/04/2023;01/07/2028;60M;EPSON C529;BNP 42;*;42;300;0.008446;500;0.084456;aperto
243;SORINI & MIGLIAVACCA SPA;;11/10/2023;01/01/2029;60M;EPSON C529 + C579;BNP 107;*;107;500 IN TANDEM;0.008446;100 IN TANDE;0.084456;aperto
243;SORINI & MIGLIAVACCA SPA;A1G28544;01/10/2025;;60M;EPSON C879;BNP;;140;2000 IN TANDEM;0.008446;800 IN TANDEM;0.084456;aperto
244;SP LIGHT AND DESIGN SRL;;01/07/2025;30/06/2026;12;EPSON C579 usata vecchio ctr;;30;30;30;0.006;100;0.06;aperto
247;ST. ASS. DI INGEGNERIA PASQUINI di D.Pasquini e L.Pasquini;A1D85111;26/07/2022;01/10/2025;36;HP WORKSTATION Z2 TOWER G9 (WIN 10) - LASCIATA AL CLIENTE;BNP 65;*;65;*;*;*;*;aperto
247;ST. ASS. DI INGEGNERIA PASQUINI di D.Pasquini e L.Pasquini;A1E03109;02/11/2022;01/01/2028;60;CENTRALINO YEASTAR S20 + SCHEDA S2 + SCHEDA O2 + CITOFONO FANVILLE + N.5 GIGASET AS690 + SWITCH 16 PORTE POE;BNP 50;*;50;*;*;*;*;aperto
247;ST. ASS. DI INGEGNERIA PASQUINI di D.Pasquini e L.Pasquini;14169449;01/07/2024;01/09/2027;36;N.3 HP WORKSTATION Z2 MINI G9 + HP PROBOOK 450 G10;IFIS 250;*;250;;;;;aperto
247;ST. ASS. DI INGEGNERIA PASQUINI di D.Pasquini e L.Pasquini;A1F95361;14/05/2025;01/07/2030;60;EPSON C878 + HP SERVER ML350 G10 (USATO) + FIREWALL  UBYQUITY;bnp 280;*;280;1000;0.01092;1000;0.1201;aperto
249;STAWIMPIANTI SRL;;01/02/2023;31/01/2028;60;EPSON C579 RIGENERATA;;30;30;500;0.005;200;0.05;aperto
251;STUDIO ARCHITETTO ENZO BETTINELLI;;24/11/2023;01/01/2029;60;"HP PLOTTER DESIGN JET STUDIO 24"" COMPLETO DI N.5 KIT NERO + COLORI";BNP 95;;95;;;;;aperto
251;STUDIO ARCHITETTO ENZO BETTINELLI;A1F52031;17/10/2024;01/01/2030;60;"HP WORKSTATION Z2 G9 + MONITOR 27"" + (PLOTTERDESIGNJET T1700 vecchio contratto)";BNP 115;;115;;;;;aperto
252;STUDIO ASSOCIATO ADZ ENGENEERING;;16/09/2022;01/10/2027;60;HP PLOTTER DESIGNJET T630 + ESTENSIONE 60 M + N.5 KIT CARTUCCE;BNP 95;;95;;;;;aperto
253;STUDIO ASSOCIATO DR.RONCHI-DR.GUARIGLIA-DR GHISLANDI;;17/11/2023;01/01/2029;60;ARMADIO RACK COMPLETO DI ACCESSORI;BNP 30;;30;;;;;aperto
254;STUDIO ASSOCIATO SCARAMUZZA E ZUCCHETTI;;24/11/2023;01/01/2029;60;NOTEBOOK MSI CREATOR Z17HX;BNP 50;;50;;;;;aperto
254;STUDIO ASSOCIATO SCARAMUZZA E ZUCCHETTI;14189959;27/09/2024;01/10/2029;60;XEROX C7025 USATA;IFIS 50;;50;800;0.008;400;0.08;aperto
256;STUDIO DE ROSA SNC;;01/06/2023;;;N.2 EPSON M5299 + N.2 TONER;;;VENDITA;;;;;aperto
257;STUDIO FANTE;A1C37763;06/11/2020;01/01/2026;60;HP SERVER PROLIANT DL380 G10 (N.2 PROCESSORI + 64GB RAM + 4 HARD DISK 1.2 TB + N.2 HARD DISK 300GB + 2 ALIMENTATORI + SISTEMA OPERATIVO  WINDOWS SERVER STANDARD 2019);BNP 110;*;110;*;*;*;*;aperto
257;STUDIO FANTE;;01/05/2021;;;SYNOLOGY NAS DS220+ COMPLETO DI N.2 HARDDISK 3TB;;*;;*;*;*;*;aperto
257;STUDIO FANTE;;01/06/2021;31/05/2026;60;BACK UP IN CLOUD 1 TB;*;50;50;*;*;*;*;aperto
257;STUDIO FANTE;A1D91323;15/09/2022;01/10/2027;60;EPSON C879 + PC DELL OPTIPLEX 3090 MT;BNP 175;*;175;1500;0.005036;500;0.050357;aperto
257;STUDIO FANTE;14078520;01/03/2023;01/03/2026;36;"N.2 NOTEBOOK HP 250 G9 I5 + HP 250 G9 I7 (SARA' IN USO A CASA DALLA CEDRIN AL POSTO DEL DELL CHE SI CHIUDERA')+ MONITOR 22""";IFIS 120;*;120;;;;;aperto
257;STUDIO FANTE;;01/03/2023;;;N.8 INDIRIZZI E-MAIL;;1200 anno;1200ANNO;;;;;aperto
257;STUDIO FANTE;;01/04/2023;;;N.1 INDIRIZZI E-MAIL 8simone.ronchegalli@...);;150 anno;150anno;;;;;aperto
257;STUDIO FANTE;A1E30084;22/02/2023;01/04/2027;48;HP PRODESK 400 G9 (IN USO CEDRINI UFFICIO);BNP 35;*;*;;;;;aperto
257;STUDIO FANTE;A1E80709;08/11/2023;01/01/2029;60;APPLE IPAD PRO 11 WIFI+CELL 128GB + MAGIC KAYBOARD;BNP 35;;35;;;;;aperto
257;STUDIO FANTE;;01/04/2023;;;DOMINIO STUDIO-FANTE.COM;;300 ANNO;300;;;;;aperto
257;STUDIO FANTE;;01/03/2024;;;ASSISTENZA ANNUALE CENTRALINO;;250 ANNO;250ANNO;;;;;aperto
257;STUDIO FANTE;;01/04/2024;31/03/2025;12ESI RINNOVO AUTOMATICO;"CREAZIONE GESTIONE N.2 INDIRIZZI MAIL ( segreteria@studio-fante.com ; angela.logatto@studio-fante.com";;300 anno;300anno;;;;;aperto
257;STUDIO FANTE;A1F13515;27/03/2024;01/04/2029;60;HP NOTEBOOK 250 G9;BNP 35;;35;;;;;aperto
257;STUDIO FANTE;;;;;HP LASERJET MFP M234DW;;;VENDITA;;;;;aperto
257;STUDIO FANTE;;01/12/2024;;;ATTIVAZIONE N.2 NUOVI ACCOUNT giovanni.cherubini + riunioni;;300 anno;300anno;;;;;aperto
257;STUDIO FANTE;A1F65820;05/12/2024;01/01/2028;36;HP PROBOOK 440 G11;BNP 40;;40;;;;;aperto
257;STUDIO FANTE;A1F69681;01/01/2025;01/01/2028;36;MICROSOFT SURFACE PRO 11 5GB + CUSTODIA + TASTIERA + PENNINO + ESTENSIONE;BNP 55;;55;;;;;aperto
257;STUDIO FANTE;;01/05/2025;;12ESI RINNOVO AUTOMATICO;LICENZA SICUREZZA MICROSOFT ENTRA IDP2 (85 UT CARTELLA SHAREPOINT);;110 ANNO;110ANNO;;;;;aperto
257;STUDIO FANTE;A1G22343;01/10/2025;;60;HP SERVER PROLIANT DL320 ( 64GB + N.6 SSD 480 GB + DOPPIO ALIMENTATORE + (SISTEMA OP WINDOWS SERVER STANDARD 2019 VECCHIO CONTRATTO) + ESTENSIONE HP);BNP 120;*;120;*;*;*;*;aperto
257;STUDIO FANTE;14260686;01/10/2025;;36;N.2 HP PROBOOK 460 G11 (ULTRA I5 16 256 ) + HP PROBOOK 460 G11 (ULTRA I7 16 512) + ESTENSIONE HP + N.2 PANDA;IFIS 120;*;120;*;*;*;*;aperto
257;STUDIO FANTE;;01/10/2025;;12;CENTRALINO IN CLOUD + N.13 TEL + CORDLESS;;141;141;*;*;*;*;aperto
257;STUDIO FANTE;;01/10/2025;;;DOMINIO + HOSTING www.fante.it;;200 anno;200anno;*;*;*;*;aperto
257;STUDIO FANTE;;01/10/2025;;;DOMINIO + HOSTING www.fanteadvisory.eu;;250 anno;250anno;*;*;*;*;aperto
257;STUDIO FANTE;;;;;REALIZZAZIONE VPN (MERAKI MX - 64 + ASSISTENZA E AGGIORNAMENTI CANONE ANNUALE);;;;;*;*;*;aperto
257;STUDIO FANTE;;;;;HP LASERJET MFP M234DW;;;VENDITA;;;;;aperto
261;STUDIO MAENZA SRLS;A1F77509;21/02/2025;01/04/2031;72;"EPSON AM-C 4000 (completa di finitore + FAX ) + HP SERVER PROLIANT ML 110 G11( 3ssd 960 - 32gb ram - secondo limentatore - wimdows server standard 2022 + 5 call + estensione ) + IPHONE 16 PRO 512GB  + N.2 HP PROTOWER 290 G9 ( SSD 2TB) + N.2 MONITOR 24"" + SURFACE LAPTOP 6 + N.2 OFFICE H&B 2024 + N.10 PANDA ANTIVIRUS + NAS SYNOLOGY + N.3 HD 4 TB + 2 PC DELL 3910 + 2 OFFICE H&B 2021 ( ACQUISTATI DAL CLIENTE) + N.3 UPS OMAGGIO";BNP 355;;355;500;0.005;500;0.05;aperto
265;SV EDILCOSTRUZIONI SRLS;;01/11/2022;31/10/2027;60;N.2 GALAXY S22 ULTRA 5G BLACK 128GB ( rotto 1 come da accordi con fabio si sostituisce con samsung galaxy 22 ultra );;40;40;;;;;aperto
265;SV EDILCOSTRUZIONI SRLS;;01/03/2023;28/02/2028;60;ACER AIO + OFFICE;;30;30;;;;;aperto
269;Studio Ratti Sas FINDATA;;01/03/2023;01/04/2028;60;"EPSON C579 + HP PC 400 G9 + MONITOR 21,5"" + HP NOTEBOOK 450 G9";IFIS 130;*;130;5000;0.01242;*;0.1242;aperto
269;Studio Ratti Sas FINDATA;;18/05/2023;01/06/2028;60;"HP PERSONAL COMPUTER 290 G9 + MONITOR 21,5"" + HP NOTEBOOK 250 G9";IFIS 40;*;40;;;*;;aperto
270;Studio Silva Confalonieri Srl;14175157;01/08/2024;01/08/2029;60;EPSON C879;IFIS 230;*;230;140000 ANNO in tandem;0.006;3000 ANNO in tandem;0.06;aperto
270;Studio Silva Confalonieri Srl;14260953;01/11/2025;;60M;EPSONEM- C8100 + N.3 EPSON EM-C800;IFIS;;280;160000 ANNO IN TANDEM;0.006;13000 ANNO IN TANDEM;0.06;aperto
272;TECRA SRL;A1F06604;23/02/2024;01/03/2029;60;HP PROBOOK 450 G9 + OFFICE + PANDA;BNP 30;;30;;;;;aperto
273;TEKNEMA CONSULTING;;01/02/2021;01/04/2026;60;"HP DESIGNJET T630 36"" + ESTENSIONE 60 MESI  COMPLETO DI N.2 TESTINA + N.5 kit CARTUCCE NERO + COLORE";BNP 105;*;105;*;*;*;*;aperto
273;TEKNEMA CONSULTING;;;;;IPAD 8GENERAZIONE;*;*;VENDITA;*;*;*;*;aperto
273;TEKNEMA CONSULTING;A1F41015;23/07/2024;01/10/2029;60;XEROX C7125 + FAX  + N.1 HP PROBOOK 440 G10 + OFFICE;BNP 160;*;160;1500;0.007;500;0.07;aperto
273;TEKNEMA CONSULTING;127-43666;01/07/2025;01/07/2030;60;"POLYSTUDIO + PC NUC + TV 55"" + CARRELLO PORTA TV + N.2 IPAD WIFI 128GB (GIALLO E ROSA) + RECKSAFE + CENTRALINO P520 YESTAR + N.5 TEL.YEALINK T43U + SWITCH POE 4 PORTE";GRENKE 115;*;115;;;;;aperto
273;TEKNEMA CONSULTING;;;;*;N.10 ANTIVIRUS;;;;;;;;aperto
273;TEKNEMA CONSULTING;;;;;IPAD 8GENERAZIONE;*;;VENDITA;;*;*;*;aperto
274;TEKNOMEDIA;;01/04/2022;01/04/2027;60;"EPSON C878 + ASUS NOTEBOOK VIVOBOOK (I7/512GB/15.6""/16GB/SCHEDA GRAFICA 4GB) + OFFICE H&B 2021";IFIS 170;*;170;1000;0.006715;1100;0.067143;aperto
274;TEKNOMEDIA;;21/09/2022;01/10/2027;60;HP ZETABOOK POWER G8 + OFFICE H&B 2021;BNP 40;*;40;*;*;*;*;aperto
274;TEKNOMEDIA;;01/05/2024;30/04/2029;60;"TV 55""";;20;20;*;*;*;*;aperto
274;TEKNOMEDIA;A1F93288;15/05/2025;01/07/2030;60;"IMAC 24"" ( 32GB RAM + SSD 2TB)";BNP 55;;55;*;*;*;*;aperto
274;TEKNOMEDIA;;;;;USCITA TECNICA SINGOLA CHIAMATA 60 ORA;;;;;*;*;*;aperto
275;TELELOMBARDIA MEDIAPASON SPA;;29/12/2021;31/12/2026;60;N.7 EPSON C879 (DI CUI 1 MULETTO + N.1 TO) + N.8 EPSON C529 + N.2 C5290 IN OMAGGIO;HP 1050;400;1450;208000 ANNO IN TANDEM;0.0065;86000 ANNO IN TANDEM;0.068;aperto
277;TUBI ITALFLEX;767223;01/10/2021;01/10/2026;60;N.5 EPSON C579;IFIS 270;*;270;120000 ANNO;0.007;12000 ANNO;0.07;aperto
277;TUBI ITALFLEX;;03/05/2023;01/05/2028;60;"SISTEMA PER VIDEOCONFERENZE POLYCOM + TV LG 65""";IFIS 100;*;100;0 TANDEM CONTRATTO PRECEDENTE;0.007;;0.07;aperto
277;TUBI ITALFLEX;;07/08/2023;01/08/2028;60;N2 EPSON c579;IFIS 80;*;80;1 TANDEM CONTRATTO PRECEDENTE;0.007;;0.07;aperto
277;TUBI ITALFLEX;;19/09/2023;01/10/2028;60;N2 EPSON c579;IFIS 80;*;80;1 TANDEM CONTRATTO PRECEDENTE;0.007;;0.07;aperto
277;TUBI ITALFLEX;;01/06/2024;01/06/2029;60;EPSON ENTERPRISE C20750 + N.3 EPSON M5899 + REMARKABLE 2 CON PENNINO E CUSTODIA;IFIS 305;*;305;40000 ANNO TANDEM;0.007;1500 ANNO TANDEM;0.07;aperto
277;TUBI ITALFLEX;;18/05/2024;01/06/2029;60;"EPSON M5899 + HP PC 290 G9 SFF + MONITOR 27""";IFIS 60;*;60;IN TANDEM;0.007;IN TANDEM;0.07;aperto
277;TUBI ITALFLEX;14245277;20/06/2025;01/07/2030;60;"HP PROBOOK 460 G11 +N.2 LENOVO TINK CENTRE NEO 50A G5 27""";IFIS 60;*;60;;;;;aperto
277;TUBI ITALFLEX;14244622;01/07/2025;01/07/2030;60;N.6 EPSON EM- C800 (DI CUI 1 INSERITA IN DDT IFIS MA NON CONSEGNATA);IFIS 300;*;300;120000 ANNO;0.007;12000 ANNO;0.07;aperto
280;VANIGLIA SRL;;01/04/2024;01/04/2029;60;HP SERVER PROLIANT ML350 G11 + WINDOWS SERVER STD 2022 + 5 CALL + ANTIVIRUS + UPS 1500 BA + NAS SYNOLOGY DS224 PLUS + 2 HD 6TB + FIREWALL UBIQUITY + SWITCH UBIQUITY;GRENKE 235;;235;;;;;aperto
282;VELATRANS SRL;;;;;RIFACIMENTO SITO EX NOVO;;;VENDITA;;;;;aperto
283;VENTRICE TRASPORTI SRL (SOC.COOP.TRASPORTI ITALIA);;01/10/2023;;;aumento a 5gb su casella mail amministrazione@velatrans.it;;50 ANNO;50ANNO;*;*;*;*;aperto
283;VENTRICE TRASPORTI SRL (SOC.COOP.TRASPORTI ITALIA);;08/03/2024;01/04/2029;60;SAMSUNG GALAXY S24 ULTRA 256GB TITANIUM GREY;BNP 30;;30;*;*;*;*;aperto
283;VENTRICE TRASPORTI SRL (SOC.COOP.TRASPORTI ITALIA);;23/05/2024;01/07/2029;60;"IMAC 24"" (SILVER 16GB SSD 512GB ) + ESTENSIONE + N.2 SSD ESTERNI 1TB";BNP 45;;45;*;*;*;*;aperto
283;VENTRICE TRASPORTI SRL (SOC.COOP.TRASPORTI ITALIA);A1F51472;18/10/2024;01/01/2030;60;IPHONE 16 PRO MAX 256GB TITANIO SABBIA + RECSAFE;BNP 40;;40;*;*;*;*;aperto
283;VENTRICE TRASPORTI SRL (SOC.COOP.TRASPORTI ITALIA);A1F61839;19/11/2024;01/01/2030;60;GALAXY ZFLIP 6 256GB;BNP 40;;40;*;*;*;*;aperto
283;VENTRICE TRASPORTI SRL (SOC.COOP.TRASPORTI ITALIA);14222222;10/02/2025;01/03/2030;60;IPHONE 16 PRO MAX 256GB + REC SAFE;IFIS 40;;40;*;*;*;*;aperto
283;VENTRICE TRASPORTI SRL (SOC.COOP.TRASPORTI ITALIA);;01/07/2022;01/07/2027;60;EPSON C878 + APPLE IMAC + ESTENSIONE (MATERIALE NUOVO) + PC HP400 ALL IN ONE + 2 OFFICE (USATO VECCHIO CONTRATTO) + EPSON C869 (USATA VECCHIO CONTRATTO);GRENKE 230;;230;;1000;0.015666;200;aperto
283;VENTRICE TRASPORTI SRL (SOC.COOP.TRASPORTI ITALIA);;24/05/2021;01/07/2026;60;N.2 IPHONE 12 PRO GRAFITE 128 GB  + 1 APPLE CARE ( in fattura Bnp) al cliente si consegna : 1 IPHONE 12 PRO 128 GB + ESTENSIONE + IPHONE 12 PRO MAX 256;BNP 45;;45;;*;*;*;aperto
283;VENTRICE TRASPORTI SRL (SOC.COOP.TRASPORTI ITALIA);;17/02/2023;01/04/2028;60;N.2 IPHONE 14 PRO MAX 128GB + N.2 APPLE WATCH ULTRA + SAMSUNG ZFLIP 4;BNP 160;;160;;*;*;*;aperto
283;VENTRICE TRASPORTI SRL (SOC.COOP.TRASPORTI ITALIA);;01/11/2020;;;DOMINIO VELATRANS;;;100ANNO;;*;*;*;aperto
286;VIDEORIGHTS;;20/06/2022;01/07/2027;60;CENTRALINO YAESTAR P550 + LICENZA LINKUSS 5Y;BNP 70;*;70;;;;;aperto
286;VIDEORIGHTS;;10/06/2022;01/07/2027;60;C7025 V_S;BNP 140;*;140;1500;0.008393;500;0.083929;aperto
286;VIDEORIGHTS;;01/04/2022;;36 NOLEGGIO INTERNO GIA' EMESSA FATTURA VENDITA;DELL + OFFICE H&B + BORSA + CUSTODIA;;24,50 / mese;90;;;;;aperto
287;VILLA ARBE SRL;;12/09/2023;01/10/2027;48;EPSON C579 + 1 CASSETTO + SOFTWARE EPA GRATUITO (NOSTRO PC);BNP 55;;55;TANDEM;0.006;TANDEM;0.06;aperto
287;VILLA ARBE SRL;;01/03/2025;28/02/2027;24;N.4 EPSON C579 USATE + 5 STAND;;124.58;12458;TANDEM 4000;0.006;TANDEM 1000;0.06;aperto
288;VITA AL TOP;;15/09/2022;01/10/2027;60;CENTRALINO YEASTAR P550 + 10 TEL T43U + TEL T46U + CORDLESS C550 + SWITCH;IFIS 90;;90;;;;;aperto
288;VITA AL TOP;;01/11/2022;31/10/2027;60;N.5 TELEFONI YEASTAR T43U + RIFACIMENTO PRESE TELEFONICHE;;20;20;;;;;aperto
288;VITA AL TOP;;01/10/2020;;;CONTRATTO DI MANUTENZIONE TELEFONIA;;500;500;;;;;aperto
288;VITA AL TOP;14252693;01/09/2025;01/09/2030;60;EPSON EM-C8100 + EM-C800;IFIS 199;;199;6000;0.006;1500;0.06;aperto
289;Verniciatura Moderna Srl;;21/10/2020;01/01/2026;60;EPSON WF C529;BNP 52;*;52;400;0.007834;900;0.078333;aperto
289;Verniciatura Moderna Srl;;01/04/2022;01/04/2027;60;EPSON C579;GRENKE 55;*;55;1000;0.006715;400;0.067143;aperto
289;Verniciatura Moderna Srl;;11/03/2024;01/04/2029;60;EPSON ENTERPRISE AM-C4000 + 2 CASSETTI + FINITORE PER PIEGA AC;BNP 180;*;180;5000;0.006;400;0.06;aperto
293;ZITO ANTONIO;60;01/03/2025;28/02/2030;60;epson entrerprise WF-C17590;;;60;5000;0.006;0;0.06;aperto
294;carlo & Camilla;;;;;forniamo toner;;;*;;*;*;*;aperto
296;GRAND HOTEL SITEA  (seat);;01/09/2021;31/08/2026;60ESI;EPSON C 878;*;243.8;2438;10000;0.00655;2000;0.06551;aperto
296;GRAND HOTEL SITEA  (seat);A1F75433;28/01/2025;01/04/2030;60;EPSON C878 + C800 DOPPIO CASSETTO;BNP 300;*;300;11000;0.006;200;0.06;aperto
